Adm_No,Name,Gender,Class,total_marks,avg_marks,attendance_rate
5,Student_5,Female,II,71.6,23.866666666666664,0.0
23,Student_23,Other,II,96.4,32.13333333333333,0.0
56,Student_56,Other,II,103.7,34.56666666666667,0.0
80,Student_80,Male,II,37.7,12.566666666666668,0.0
106,Student_106,Male,I,105.3,35.1,0.0
113,Student_113,Male,II,108.4,36.13333333333333,0.0
116,Student_116,Male,II,199.2,33.199999999999996,0.0
118,Student_118,Other,I,92.9,30.96666666666667,0.0
153,Student_153,Female,III,53.7,17.900000000000002,0.0
163,Student_163,Other,I,103.0,34.333333333333336,0.0
168,Student_168,Other,III,107.7,35.9,0.0
179,Student_179,Male,II,100.1,33.36666666666667,0.0
180,Student_180,Female,III,110.3,36.766666666666666,0.0
186,Student_186,Other,III,113.7,37.9,0.0
192,Student_192,Other,III,114.19999999999999,19.03333333333333,0.0
195,Student_195,Female,III,98.4,32.800000000000004,0.0
218,Student_218,Male,II,118.3,39.43333333333333,0.0
240,Student_240,Other,III,112.9,37.63333333333333,0.0
242,Student_242,Male,II,162.39999999999998,27.066666666666663,0.0
264,Student_264,Other,III,111.6,37.199999999999996,0.0
271,Student_271,Other,I,64.0,21.333333333333332,0.0
286,Student_286,Male,I,108.0,36.0,0.0
290,Student_290,Other,II,98.0,32.666666666666664,0.0
309,Student_309,Female,III,85.9,28.633333333333336,0.0
324,Student_324,Other,III,78.5,26.166666666666668,0.0
358,Student_358,Other,I,105.8,35.266666666666666,0.0
376,Student_376,Other,I,209.20000000000002,34.86666666666667,0.0
398,Student_398,Male,II,85.9,28.633333333333336,0.0
407,Student_407,Other,II,112.8,37.6,0.0
418,Student_418,Female,I,112.6,37.53333333333333,0.0
419,Student_419,Female,II,119.80000000000001,39.93333333333334,0.0
424,Student_424,Other,I,216.8,36.13333333333333,0.0
474,Student_474,Other,III,113.5,37.833333333333336,0.0
506,Student_506,Other,II,110.4,36.800000000000004,0.0
508,Student_508,Other,I,119.5,39.833333333333336,0.0
538,Student_538,Other,I,96.1,32.03333333333333,0.0
557,Student_557,Female,II,42.6,7.1000000000000005,0.0
592,Student_592,Other,I,108.80000000000001,36.26666666666667,0.0
624,Student_624,Female,III,119.0,39.666666666666664,0.0
645,Student_645,Other,III,67.3,22.433333333333334,0.0
660,Student_660,Male,III,163.8,18.200000000000003,0.0
668,Student_668,Other,II,109.6,36.53333333333333,0.0
729,Student_729,Male,III,116.8,38.93333333333333,0.0
734,Student_734,Male,II,102.5,34.166666666666664,0.0
756,Student_756,Other,III,170.4,28.400000000000002,0.0
764,Student_764,Male,II,114.9,38.300000000000004,0.0
771,Student_771,Female,III,192.6,32.1,0.0
780,Student_780,Female,III,102.9,34.300000000000004,0.0
838,Student_838,Other,I,96.1,32.03333333333333,0.0
872,Student_872,Male,II,116.8,38.93333333333333,0.0
880,Student_880,Female,I,103.4,34.46666666666667,0.0
883,Student_883,Other,I,175.6,29.266666666666666,0.0
894,Student_894,Other,III,186.0,31.0,0.0
986,Student_986,Male,II,74.0,24.666666666666668,0.0
994,Student_994,Male,I,114.4,38.13333333333333,0.0
1014,Student_1014,Female,III,195.39999999999998,32.56666666666666,0.0
1017,Student_1017,Female,III,111.9,37.300000000000004,0.0
1018,Student_1018,Other,I,109.3,36.43333333333333,0.0
1020,Student_1020,Female,III,101.4,33.800000000000004,0.0
1051,Student_1051,Other,I,88.7,29.566666666666666,0.0
1084,Student_1084,Female,I,95.2,31.733333333333334,0.0
1104,Student_1104,Other,III,103.7,34.56666666666667,0.0
1108,Student_1108,Other,I,80.5,26.833333333333332,0.0
1132,Student_1132,Male,I,188.4,31.400000000000002,0.0
1139,Student_1139,Male,II,77.0,25.666666666666668,0.0
1164,Student_1164,Female,III,75.0,25.0,0.0
1172,Student_1172,Other,II,153.79999999999998,25.63333333333333,0.0
1174,Student_1174,Other,I,110.2,36.733333333333334,0.0
1206,Student_1206,Other,III,237.8,39.63333333333333,0.0
1208,Student_1208,Other,II,221.6,36.93333333333333,0.0
1217,Student_1217,Male,II,106.30000000000001,35.43333333333334,0.0
1228,Student_1228,Other,I,106.80000000000001,35.6,0.0
1238,Student_1238,Female,II,94.1,31.366666666666664,0.0
1280,Student_1280,Male,II,96.6,32.199999999999996,0.0
1358,Student_1358,Female,II,89.1,29.7,0.0
1368,Student_1368,Male,III,183.2,30.53333333333333,0.0
1383,Student_1383,Other,III,104.9,34.96666666666667,0.0
1398,Student_1398,Female,III,106.1,35.36666666666667,0.0
1400,Student_1400,Male,II,105.1,35.03333333333333,0.0
1402,Student_1402,Male,I,127.0,21.166666666666668,0.0
1404,Student_1404,Other,III,99.39999999999999,33.13333333333333,0.0
1414,Student_1414,Female,I,71.5,23.833333333333332,0.0
1443,Student_1443,Other,III,89.9,29.96666666666667,0.0
1476,Student_1476,Female,III,117.0,39.0,0.0
1512,Student_1512,Male,III,110.2,36.733333333333334,0.0
1532,Student_1532,Other,II,205.5,22.833333333333332,0.0
1572,Student_1572,Male,III,112.60000000000001,37.53333333333334,0.0
1578,Student_1578,Female,III,164.6,27.433333333333334,0.0
1580,Student_1580,Male,II,68.4,22.8,0.0
1586,Student_1586,Female,II,95.5,31.833333333333332,0.0
1592,Student_1592,Female,II,119.9,39.96666666666667,0.0
1632,Student_1632,Female,III,85.6,28.53333333333333,0.0
1644,Student_1644,Female,III,93.1,31.03333333333333,0.0
1660,Student_1660,Female,I,116.4,38.800000000000004,0.0
1666,Student_1666,Male,I,86.4,28.8,0.0
1700,Student_1700,Male,II,75.8,25.266666666666666,0.0
1706,Student_1706,Other,II,117.1,39.03333333333333,0.0
1710,Student_1710,Female,III,119.0,39.666666666666664,0.0
1752,Student_1752,Female,III,115.3,38.43333333333333,0.0
1772,Student_1772,Female,II,116.8,38.93333333333333,0.0
1788,Student_1788,Other,III,216.8,36.13333333333333,0.0
1818,Student_1818,Other,III,93.3,31.099999999999998,0.0
1822,Student_1822,Other,I,92.6,30.866666666666664,0.0
1836,Student_1836,Other,III,101.5,33.833333333333336,0.0
1842,Student_1842,Male,III,110.7,36.9,0.0
1851,Student_1851,Male,III,75.3,25.099999999999998,0.0
1856,Student_1856,Male,II,149.6,24.933333333333334,0.0
1874,Student_1874,Female,II,224.1,24.9,0.0
1875,Student_1875,Female,III,103.4,34.46666666666667,0.0
1911,Student_1911,Female,III,100.0,33.333333333333336,0.0
1922,Student_1922,Other,II,118.5,39.5,0.0
1924,Student_1924,Female,I,100.0,33.333333333333336,0.0
1926,Student_1926,Female,III,363.6,30.3,0.0
1931,Student_1931,Female,II,113.6,37.86666666666667,0.0
1933,Student_1933,Male,I,208.4,34.733333333333334,0.0
1944,Student_1944,Other,III,108.30000000000001,36.1,0.0
1956,Student_1956,Female,III,74.5,24.833333333333332,0.0
2026,Student_2026,Female,I,117.0,39.0,0.0
2033,Student_2033,Female,II,95.0,31.666666666666668,0.0
2052,Student_2052,Other,III,196.2,32.699999999999996,0.0
2066,Student_2066,Male,II,203.39999999999998,33.9,0.0
2071,Student_2071,Female,I,118.2,39.4,0.0
2101,Student_2101,Female,I,107.0,35.666666666666664,0.0
2148,Student_2148,Female,III,99.3,33.1,0.0
2160,Student_2160,Male,III,350.7,38.96666666666667,0.0
2178,Student_2178,Female,III,104.2,34.733333333333334,0.0
2190,Student_2190,Male,III,112.4,37.46666666666667,0.0
2206,Student_2206,Male,I,193.4,32.233333333333334,0.0
2208,Student_2208,Other,III,226.0,37.666666666666664,0.0
2230,Student_2230,Male,I,115.4,38.46666666666667,0.0
2240,Student_2240,Other,II,71.7,23.900000000000002,0.0
2318,Student_2318,Female,II,107.9,35.96666666666667,0.0
2322,Student_2322,Male,III,223.2,37.199999999999996,0.0
2324,Student_2324,Male,II,104.9,34.96666666666667,0.0
2325,Student_2325,Other,III,88.8,29.599999999999998,0.0
2340,Student_2340,Other,III,52.8,17.599999999999998,0.0
2357,Student_2357,Other,II,66.3,22.099999999999998,0.0
2376,Student_2376,Male,III,90.8,30.266666666666666,0.0
2379,Student_2379,Male,III,91.2,30.400000000000002,0.0
2382,Student_2382,Female,III,115.9,38.63333333333333,0.0
2390,Student_2390,Other,II,117.3,39.1,0.0
2437,Student_2437,Male,I,79.9,26.633333333333336,0.0
2439,Student_2439,Other,III,54.8,18.266666666666666,0.0
2446,Student_2446,Other,I,72.9,24.3,0.0
2447,Student_2447,Male,II,90.30000000000001,30.100000000000005,0.0
2468,Student_2468,Female,II,73.2,24.400000000000002,0.0
2469,Student_2469,Other,III,105.1,35.03333333333333,0.0
2509,Student_2509,Male,I,110.4,36.800000000000004,0.0
2532,Student_2532,Female,III,67.2,22.400000000000002,0.0
2558,Student_2558,Other,II,93.6,31.2,0.0
2626,Student_2626,Female,I,117.9,39.300000000000004,0.0
2644,Student_2644,Female,I,88.5,29.5,0.0
2645,Student_2645,Other,II,91.9,30.633333333333336,0.0
2673,Student_2673,Female,III,76.6,25.53333333333333,0.0
2678,Student_2678,Male,II,103.6,34.53333333333333,0.0
2713,Student_2713,Male,I,118.6,39.53333333333333,0.0
2721,Student_2721,Female,III,116.3,38.766666666666666,0.0
2818,Student_2818,Female,I,70.4,11.733333333333334,0.0
2876,Student_2876,Male,II,173.0,28.833333333333332,0.0
2891,Student_2891,Female,II,79.5,26.5,0.0
2893,Student_2893,Other,I,73.1,24.366666666666664,0.0
2896,Student_2896,Other,I,313.5,34.833333333333336,0.0
2897,Student_2897,Female,II,116.5,38.833333333333336,0.0
2943,Student_2943,Other,III,97.5,32.5,0.0
2962,Student_2962,Female,I,228.8,38.13333333333333,0.0
2979,Student_2979,Male,III,112.6,37.53333333333333,0.0
2980,Student_2980,Female,I,264.0,29.333333333333332,0.0
2998,Student_2998,Other,I,91.7,30.566666666666666,0.0
3006,Student_3006,Female,III,196.4,32.733333333333334,0.0
3008,Student_3008,Male,II,87.1,29.03333333333333,0.0
3022,Student_3022,Female,I,90.8,30.266666666666666,0.0
3031,Student_3031,Male,I,59.9,19.966666666666665,0.0
3043,Student_3043,Male,I,96.69999999999999,32.23333333333333,0.0
3072,Student_3072,Male,III,100.1,33.36666666666667,0.0
3100,Student_3100,Female,I,112.19999999999999,37.4,0.0
3128,Student_3128,Other,II,117.80000000000001,39.26666666666667,0.0
3160,Student_3160,Female,I,354.29999999999995,39.36666666666666,0.0
3166,Student_3166,Male,I,93.4,31.133333333333336,0.0
3179,Student_3179,Other,II,83.9,27.96666666666667,0.0
3180,Student_3180,Female,III,167.60000000000002,27.933333333333337,0.0
3186,Student_3186,Male,III,77.0,25.666666666666668,0.0
3206,Student_3206,Female,II,86.9,28.96666666666667,0.0
3208,Student_3208,Other,I,89.5,29.833333333333332,0.0
3237,Student_3237,Other,III,118.0,39.333333333333336,0.0
3268,Student_3268,Female,I,104.7,34.9,0.0
3290,Student_3290,Male,II,110.30000000000001,36.76666666666667,0.0
3322,Student_3322,Male,I,118.1,39.36666666666667,0.0
3360,Student_3360,Male,III,237.6,39.6,0.0
3364,Student_3364,Male,I,232.8,38.800000000000004,0.0
3377,Student_3377,Female,II,112.69999999999999,37.56666666666666,0.0
3384,Student_3384,Male,III,84.1,28.03333333333333,0.0
3430,Student_3430,Male,I,119.80000000000001,39.93333333333334,0.0
3438,Student_3438,Other,III,74.1,24.7,0.0
3462,Student_3462,Male,III,63.900000000000006,21.3,0.0
3463,Student_3463,Female,I,91.2,30.400000000000002,0.0
3478,Student_3478,Other,I,72.0,24.0,0.0
3486,Student_3486,Male,III,117.9,39.300000000000004,0.0
3535,Student_3535,Other,I,117.5,39.166666666666664,0.0
3536,Student_3536,Other,II,106.9,35.63333333333333,0.0
3540,Student_3540,Other,III,83.2,13.866666666666667,0.0
3580,Student_3580,Male,I,186.60000000000002,31.100000000000005,0.0
3604,Student_3604,Female,I,110.6,36.86666666666667,0.0
3610,Student_3610,Male,I,87.39999999999999,29.13333333333333,0.0
3620,Student_3620,Female,II,172.2,28.7,0.0
3632,Student_3632,Other,II,81.5,27.166666666666668,0.0
3637,Student_3637,Other,I,149.4,24.900000000000002,0.0
3640,Student_3640,Male,I,81.8,27.266666666666666,0.0
3644,Student_3644,Male,II,68.3,22.766666666666666,0.0
3656,Student_3656,Male,II,64.5,21.5,0.0
3675,Student_3675,Other,III,82.3,27.433333333333334,0.0
3682,Student_3682,Male,I,77.4,25.8,0.0
3714,Student_3714,Other,III,211.4,35.233333333333334,0.0
3726,Student_3726,Female,III,108.7,36.233333333333334,0.0
3742,Student_3742,Other,I,288.6,32.06666666666667,0.0
3752,Student_3752,Male,II,52.1,17.366666666666667,0.0
3770,Student_3770,Female,II,210.8,35.13333333333333,0.0
3788,Student_3788,Male,II,87.9,29.3,0.0
3802,Student_3802,Female,I,142.4,23.733333333333334,0.0
3810,Student_3810,Other,III,68.3,22.766666666666666,0.0
3840,Student_3840,Other,III,218.8,36.46666666666667,0.0
3856,Student_3856,Female,I,93.0,31.0,0.0
3866,Student_3866,Female,II,117.5,39.166666666666664,0.0
3874,Student_3874,Male,I,111.8,37.266666666666666,0.0
3878,Student_3878,Female,II,57.800000000000004,19.26666666666667,0.0
3890,Student_3890,Other,II,81.6,27.2,0.0
3902,Student_3902,Other,II,81.9,27.3,0.0
3934,Student_3934,Male,I,111.69999999999999,37.23333333333333,0.0
3936,Student_3936,Female,III,89.5,29.833333333333332,0.0
3942,Student_3942,Other,III,119.7,39.9,0.0
4000,Student_4000,Male,I,84.7,28.233333333333334,0.0
4016,Student_4016,Male,II,104.6,34.86666666666667,0.0
4050,Student_4050,Male,III,60.5,20.166666666666668,0.0
4066,Student_4066,Other,I,102.1,34.03333333333333,0.0
4079,Student_4079,Male,II,88.5,29.5,0.0
4090,Student_4090,Female,I,90.30000000000001,30.100000000000005,0.0
4100,Student_4100,Male,II,102.3,34.1,0.0
4102,Student_4102,Other,I,92.2,30.733333333333334,0.0
4200,Student_4200,Female,III,67.5,22.5,0.0
4228,Student_4228,Male,I,165.6,27.599999999999998,0.0
4240,Student_4240,Other,I,117.5,39.166666666666664,0.0
4252,Student_4252,Other,I,135.0,22.5,0.0
4283,Student_4283,Male,II,236.6,39.43333333333333,0.0
4299,Student_4299,Male,III,84.3,28.099999999999998,0.0
4300,Student_4300,Female,I,97.6,32.53333333333333,0.0
4301,Student_4301,Male,II,89.9,29.96666666666667,0.0
4307,Student_4307,Female,II,118.9,39.63333333333333,0.0
4310,Student_4310,Other,II,98.30000000000001,32.76666666666667,0.0
4314,Student_4314,Female,III,109.3,36.43333333333333,0.0
4338,Student_4338,Other,III,83.0,27.666666666666668,0.0
4340,Student_4340,Other,II,76.5,25.5,0.0
4360,Student_4360,Female,I,102.5,34.166666666666664,0.0
4381,Student_4381,Male,I,112.8,37.6,0.0
4422,Student_4422,Other,III,213.8,35.63333333333333,0.0
4459,Student_4459,Other,I,87.8,29.266666666666666,0.0
4504,Student_4504,Other,I,110.5,36.833333333333336,0.0
4510,Student_4510,Female,I,104.2,34.733333333333334,0.0
4516,Student_4516,Female,I,70.6,23.53333333333333,0.0
4536,Student_4536,Female,III,147.6,24.599999999999998,0.0
4554,Student_4554,Male,III,95.9,31.96666666666667,0.0
4558,Student_4558,Other,I,82.0,13.666666666666666,0.0
4564,Student_4564,Female,I,96.1,32.03333333333333,0.0
4588,Student_4588,Male,I,107.5,35.833333333333336,0.0
4600,Student_4600,Female,I,109.6,36.53333333333333,0.0
4617,Student_4617,Male,III,74.3,24.766666666666666,0.0
4620,Student_4620,Other,III,84.4,28.133333333333336,0.0
4656,Student_4656,Female,III,116.2,38.733333333333334,0.0
4802,Student_4802,Male,II,75.4,25.133333333333336,0.0
4810,Student_4810,Female,I,175.4,29.233333333333334,0.0
4821,Student_4821,Female,III,61.599999999999994,20.53333333333333,0.0
4830,Student_4830,Male,III,108.3,36.1,0.0
4834,Student_4834,Female,I,101.1,33.699999999999996,0.0
4860,Student_4860,Female,III,56.0,18.666666666666668,0.0
4866,Student_4866,Female,III,119.3,39.766666666666666,0.0
4905,Student_4905,Female,III,63.1,21.033333333333335,0.0
4920,Student_4920,Female,III,118.9,39.63333333333333,0.0
4964,Student_4964,Male,II,60.3,20.099999999999998,0.0
4969,Student_4969,Other,I,157.4,26.233333333333334,0.0
4988,Student_4988,Male,II,97.1,32.36666666666667,0.0
5010,Student_5010,Male,III,61.9,20.633333333333333,0.0
5036,Student_5036,Other,II,91.1,30.366666666666664,0.0
5044,Student_5044,Male,I,57.8,19.266666666666666,0.0
5052,Student_5052,Male,III,140.8,23.46666666666667,0.0
5053,Student_5053,Male,I,98.19999999999999,32.73333333333333,0.0
5062,Student_5062,Female,I,94.6,31.53333333333333,0.0
5069,Student_5069,Female,II,309.0,34.333333333333336,0.0
5084,Student_5084,Female,II,116.30000000000001,38.76666666666667,0.0
5096,Student_5096,Female,II,73.7,24.566666666666666,0.0
5117,Student_5117,Other,II,71.5,23.833333333333332,0.0
5118,Student_5118,Other,III,107.5,35.833333333333336,0.0
5125,Student_5125,Other,I,105.3,35.1,0.0
5138,Student_5138,Male,II,117.3,39.1,0.0
5161,Student_5161,Female,I,97.5,32.5,0.0
5166,Student_5166,Male,III,95.3,31.766666666666666,0.0
5170,Student_5170,Female,I,70.8,23.599999999999998,0.0
5180,Student_5180,Female,II,281.4,31.266666666666666,0.0
5184,Student_5184,Male,III,95.1,31.7,0.0
5188,Student_5188,Female,I,232.8,38.800000000000004,0.0
5205,Student_5205,Female,III,117.0,39.0,0.0
5206,Student_5206,Other,I,84.8,28.266666666666666,0.0
5236,Student_5236,Female,I,73.0,24.333333333333332,0.0
5278,Student_5278,Female,I,106.1,35.36666666666667,0.0
5282,Student_5282,Male,II,56.5,18.833333333333332,0.0
5331,Student_5331,Other,III,211.8,35.300000000000004,0.0
5340,Student_5340,Male,III,107.8,35.93333333333333,0.0
5349,Student_5349,Male,III,59.2,19.733333333333334,0.0
5375,Student_5375,Other,II,89.6,29.866666666666664,0.0
5406,Student_5406,Female,III,113.4,37.800000000000004,0.0
5412,Student_5412,Female,III,109.5,36.5,0.0
5429,Student_5429,Male,II,58.2,19.400000000000002,0.0
5438,Student_5438,Male,II,97.9,32.63333333333333,0.0
5455,Student_5455,Female,I,119.3,39.766666666666666,0.0
5462,Student_5462,Female,II,81.30000000000001,27.100000000000005,0.0
5463,Student_5463,Other,III,119.1,39.699999999999996,0.0
5466,Student_5466,Female,III,106.3,35.43333333333333,0.0
5486,Student_5486,Male,II,114.5,38.166666666666664,0.0
5518,Student_5518,Female,I,50.5,16.833333333333332,0.0
5520,Student_5520,Other,III,68.7,22.900000000000002,0.0
5524,Student_5524,Other,I,228.0,38.0,0.0
5526,Student_5526,Male,III,103.2,34.4,0.0
5554,Student_5554,Other,I,96.8,32.266666666666666,0.0
5576,Student_5576,Other,II,109.5,36.5,0.0
5592,Student_5592,Female,III,117.6,39.199999999999996,0.0
5594,Student_5594,Other,II,238.6,39.766666666666666,0.0
5602,Student_5602,Male,I,66.3,22.099999999999998,0.0
5618,Student_5618,Other,II,64.4,21.46666666666667,0.0
5619,Student_5619,Male,III,343.8,38.2,0.0
5628,Student_5628,Other,III,75.2,25.066666666666666,0.0
5637,Student_5637,Female,III,66.30000000000001,22.100000000000005,0.0
5640,Student_5640,Female,III,35.3,11.766666666666666,0.0
5652,Student_5652,Male,III,58.9,19.633333333333333,0.0
5658,Student_5658,Female,III,87.2,29.066666666666666,0.0
5674,Student_5674,Female,I,217.2,36.199999999999996,0.0
5687,Student_5687,Other,II,113.9,37.96666666666667,0.0
5695,Student_5695,Male,I,115.1,38.36666666666667,0.0
5704,Student_5704,Female,I,54.5,18.166666666666668,0.0
5706,Student_5706,Female,III,182.2,30.366666666666664,0.0
5726,Student_5726,Male,II,118.0,39.333333333333336,0.0
5728,Student_5728,Other,I,118.0,39.333333333333336,0.0
5758,Student_5758,Female,I,92.2,30.733333333333334,0.0
5804,Student_5804,Male,II,86.6,28.866666666666664,0.0
5810,Student_5810,Male,II,98.9,32.96666666666667,0.0
5826,Student_5826,Male,III,115.0,38.333333333333336,0.0
5866,Student_5866,Male,I,112.4,37.46666666666667,0.0
5888,Student_5888,Female,II,201.2,33.53333333333333,0.0
5914,Student_5914,Female,I,84.9,28.3,0.0
5926,Student_5926,Male,I,236.2,39.36666666666667,0.0
5934,Student_5934,Female,III,95.6,31.866666666666664,0.0
5982,Student_5982,Male,III,99.7,33.233333333333334,0.0
5990,Student_5990,Other,II,221.4,36.9,0.0
5992,Student_5992,Other,I,215.4,35.9,0.0
5998,Student_5998,Female,I,199.2,33.199999999999996,0.0
6026,Student_6026,Male,II,92.1,30.7,0.0
6037,Student_6037,Male,I,93.0,31.0,0.0
6042,Student_6042,Other,III,103.9,34.63333333333333,0.0
6044,Student_6044,Other,II,110.0,36.666666666666664,0.0
6049,Student_6049,Male,I,194.0,32.333333333333336,0.0
6060,Student_6060,Female,III,363.6,30.3,0.0
6082,Student_6082,Other,I,107.5,35.833333333333336,0.0
6118,Student_6118,Other,I,68.8,22.933333333333334,0.0
6138,Student_6138,Male,III,105.1,35.03333333333333,0.0
6174,Student_6174,Female,III,115.1,38.36666666666667,0.0
6191,Student_6191,Male,II,180.2,30.03333333333333,0.0
6206,Student_6206,Other,II,81.6,27.2,0.0
6230,Student_6230,Female,II,67.3,22.433333333333334,0.0
6254,Student_6254,Male,II,62.8,20.933333333333334,0.0
6266,Student_6266,Other,II,183.4,30.566666666666666,0.0
6284,Student_6284,Other,II,228.0,38.0,0.0
6310,Student_6310,Female,I,61.2,20.400000000000002,0.0
6318,Student_6318,Female,III,213.6,35.6,0.0
6325,Student_6325,Female,I,107.30000000000001,35.76666666666667,0.0
6337,Student_6337,Male,I,114.6,38.199999999999996,0.0
6346,Student_6346,Male,I,106.1,35.36666666666667,0.0
6374,Student_6374,Other,II,118.0,39.333333333333336,0.0
6390,Student_6390,Other,III,99.5,33.166666666666664,0.0
6397,Student_6397,Female,I,309.6,34.400000000000006,0.0
6406,Student_6406,Male,I,85.7,28.566666666666666,0.0
6476,Student_6476,Female,II,86.0,28.666666666666668,0.0
6480,Student_6480,Female,III,106.3,35.43333333333333,0.0
6492,Student_6492,Female,III,113.4,37.800000000000004,0.0
6512,Student_6512,Female,II,343.5,38.166666666666664,0.0
6528,Student_6528,Other,III,234.79999999999998,39.13333333333333,0.0
6565,Student_6565,Female,I,116.6,38.86666666666667,0.0
6568,Student_6568,Male,I,233.2,38.86666666666667,0.0
6578,Student_6578,Male,II,71.1,23.7,0.0
6584,Student_6584,Other,II,92.5,30.833333333333332,0.0
6618,Student_6618,Male,III,86.3,28.766666666666666,0.0
6626,Student_6626,Male,II,93.4,31.133333333333336,0.0
6636,Student_6636,Other,III,159.0,26.5,0.0
6654,Student_6654,Other,III,208.0,34.666666666666664,0.0
6705,Student_6705,Male,III,62.1,20.7,0.0
6720,Student_6720,Female,III,188.2,31.366666666666664,0.0
6742,Student_6742,Female,I,78.8,26.266666666666666,0.0
6748,Student_6748,Male,I,105.6,35.199999999999996,0.0
6762,Student_6762,Male,III,68.3,22.766666666666666,0.0
6802,Student_6802,Male,I,306.9,34.099999999999994,0.0
6816,Student_6816,Male,III,118.1,39.36666666666667,0.0
6828,Student_6828,Female,III,80.8,26.933333333333334,0.0
6848,Student_6848,Female,II,79.9,26.633333333333336,0.0
6850,Student_6850,Male,I,97.1,32.36666666666667,0.0
6854,Student_6854,Female,II,119.1,39.699999999999996,0.0
6855,Student_6855,Female,III,96.0,32.0,0.0
6884,Student_6884,Other,II,118.1,39.36666666666667,0.0
6910,Student_6910,Other,I,83.1,27.7,0.0
6937,Student_6937,Other,I,113.9,37.96666666666667,0.0
6942,Student_6942,Female,III,87.7,29.233333333333334,0.0
6944,Student_6944,Other,II,111.6,37.199999999999996,0.0
6981,Student_6981,Female,III,72.4,24.133333333333336,0.0
6984,Student_6984,Other,III,88.7,29.566666666666666,0.0
6999,Student_6999,Male,III,190.79999999999998,31.799999999999997,0.0
7004,Student_7004,Male,II,222.8,37.13333333333333,0.0
7017,Student_7017,Other,III,166.8,27.8,0.0
7023,Student_7023,Female,III,110.1,36.699999999999996,0.0
7050,Student_7050,Male,III,90.5,30.166666666666668,0.0
7052,Student_7052,Other,II,111.4,37.13333333333333,0.0
7074,Student_7074,Female,III,119.69999999999999,39.9,0.0
7080,Student_7080,Other,III,64.0,21.333333333333332,0.0
7094,Student_7094,Other,II,101.9,33.96666666666667,0.0
7097,Student_7097,Male,II,115.1,38.36666666666667,0.0
7108,Student_7108,Female,I,75.8,25.266666666666666,0.0
7112,Student_7112,Other,II,91.2,30.400000000000002,0.0
7114,Student_7114,Male,I,118.89999999999999,39.63333333333333,0.0
7127,Student_7127,Female,II,114.9,38.300000000000004,0.0
7136,Student_7136,Female,II,232.2,38.699999999999996,0.0
7140,Student_7140,Female,III,115.2,38.4,0.0
7165,Student_7165,Other,I,81.7,27.233333333333334,0.0
7172,Student_7172,Other,II,78.5,26.166666666666668,0.0
7238,Student_7238,Female,II,194.2,32.36666666666667,0.0
7262,Student_7262,Male,II,103.2,34.4,0.0
7263,Student_7263,Male,III,105.7,35.233333333333334,0.0
7270,Student_7270,Other,I,166.0,27.666666666666668,0.0
7280,Student_7280,Male,II,107.7,35.9,0.0
7300,Student_7300,Other,I,225.3,25.033333333333335,0.0
7380,Student_7380,Female,III,86.3,28.766666666666666,0.0
7400,Student_7400,Male,II,107.5,35.833333333333336,0.0
7423,Student_7423,Other,I,96.7,32.233333333333334,0.0
7426,Student_7426,Male,I,86.0,28.666666666666668,0.0
7434,Student_7434,Other,III,177.0,29.5,0.0
7458,Student_7458,Other,III,108.4,36.13333333333333,0.0
7460,Student_7460,Other,II,100.4,33.46666666666667,0.0
7469,Student_7469,Female,II,118.0,39.333333333333336,0.0
7512,Student_7512,Male,III,200.79999999999998,33.46666666666666,0.0
7528,Student_7528,Male,I,107.0,35.666666666666664,0.0
7532,Student_7532,Male,II,394.79999999999995,32.9,0.0
7550,Student_7550,Male,II,99.5,33.166666666666664,0.0
7561,Student_7561,Other,I,91.39999999999999,30.466666666666665,0.0
7584,Student_7584,Female,III,98.2,32.733333333333334,0.0
7592,Student_7592,Other,II,92.1,30.7,0.0
7595,Student_7595,Other,II,87.8,29.266666666666666,0.0
7602,Student_7602,Female,III,91.5,30.5,0.0
7606,Student_7606,Other,I,113.19999999999999,18.866666666666664,0.0
7612,Student_7612,Female,I,237.6,39.6,0.0
7616,Student_7616,Other,II,103.7,34.56666666666667,0.0
7630,Student_7630,Male,I,295.5,32.833333333333336,0.0
7689,Student_7689,Male,III,49.3,16.433333333333334,0.0
7700,Student_7700,Other,II,63.5,21.166666666666668,0.0
7708,Student_7708,Male,I,90.0,30.0,0.0
7716,Student_7716,Other,III,119.2,39.733333333333334,0.0
7762,Student_7762,Female,I,97.6,32.53333333333333,0.0
7778,Student_7778,Male,II,61.4,20.466666666666665,0.0
7802,Student_7802,Other,II,85.0,28.333333333333332,0.0
7808,Student_7808,Male,II,84.1,28.03333333333333,0.0
7810,Student_7810,Female,I,89.4,29.8,0.0
7830,Student_7830,Other,III,100.8,33.6,0.0
7834,Student_7834,Other,I,102.2,34.06666666666667,0.0
7858,Student_7858,Male,I,54.5,18.166666666666668,0.0
7860,Student_7860,Other,III,106.30000000000001,35.43333333333334,0.0
7876,Student_7876,Male,I,172.60000000000002,28.76666666666667,0.0
7880,Student_7880,Other,II,97.9,32.63333333333333,0.0
7893,Student_7893,Female,III,107.5,35.833333333333336,0.0
7896,Student_7896,Male,III,98.7,32.9,0.0
7920,Student_7920,Male,III,51.5,17.166666666666668,0.0
7934,Student_7934,Female,II,224.4,37.4,0.0
7943,Student_7943,Other,II,54.5,18.166666666666668,0.0
7960,Student_7960,Other,I,119.5,39.833333333333336,0.0
7966,Student_7966,Male,I,106.2,35.4,0.0
7968,Student_7968,Other,III,294.3,32.7,0.0
7970,Student_7970,Male,II,79.6,26.53333333333333,0.0
7974,Student_7974,Other,III,200.6,33.43333333333333,0.0
7985,Student_7985,Other,II,177.2,29.53333333333333,0.0
8022,Student_8022,Male,III,111.8,37.266666666666666,0.0
8024,Student_8024,Other,II,66.6,22.2,0.0
8026,Student_8026,Female,I,118.6,39.53333333333333,0.0
8042,Student_8042,Female,II,221.6,36.93333333333333,0.0
8045,Student_8045,Other,II,213.0,35.5,0.0
8050,Student_8050,Other,I,106.39999999999999,35.46666666666666,0.0
8076,Student_8076,Male,III,95.4,31.8,0.0
8078,Student_8078,Other,II,77.1,25.7,0.0
8094,Student_8094,Female,III,100.2,33.4,0.0
8096,Student_8096,Female,II,115.4,38.46666666666667,0.0
8099,Student_8099,Male,II,106.4,35.46666666666667,0.0
8158,Student_8158,Female,I,81.8,27.266666666666666,0.0
8180,Student_8180,Male,II,102.4,34.13333333333333,0.0
8184,Student_8184,Male,III,76.9,25.633333333333336,0.0
8203,Student_8203,Other,I,98.2,32.733333333333334,0.0
8211,Student_8211,Other,III,220.6,36.766666666666666,0.0
8216,Student_8216,Female,II,77.2,25.733333333333334,0.0
8218,Student_8218,Male,I,84.5,28.166666666666668,0.0
8246,Student_8246,Female,II,157.2,26.2,0.0
8250,Student_8250,Other,III,109.5,36.5,0.0
8268,Student_8268,Male,III,110.0,36.666666666666664,0.0
8278,Student_8278,Other,I,79.9,26.633333333333336,0.0
8282,Student_8282,Other,II,156.4,26.066666666666666,0.0
8300,Student_8300,Other,II,78.0,26.0,0.0
8314,Student_8314,Female,I,113.6,37.86666666666667,0.0
8379,Student_8379,Female,III,39.4,13.133333333333333,0.0
8386,Student_8386,Male,I,222.39999999999998,37.06666666666666,0.0
8413,Student_8413,Male,I,116.6,38.86666666666667,0.0
8426,Student_8426,Male,II,92.5,30.833333333333332,0.0
8466,Student_8466,Other,III,355.6,29.633333333333336,0.0
8477,Student_8477,Other,II,85.0,28.333333333333332,0.0
8486,Student_8486,Other,II,80.5,26.833333333333332,0.0
8503,Student_8503,Male,I,102.9,34.300000000000004,0.0
8505,Student_8505,Other,III,104.5,34.833333333333336,0.0
8518,Student_8518,Male,I,117.1,39.03333333333333,0.0
8532,Student_8532,Male,III,188.60000000000002,31.433333333333337,0.0
8534,Student_8534,Female,II,170.2,28.366666666666664,0.0
8596,Student_8596,Female,I,111.7,37.233333333333334,0.0
8608,Student_8608,Other,I,90.5,30.166666666666668,0.0
8640,Student_8640,Female,III,102.7,34.233333333333334,0.0
8649,Student_8649,Male,III,98.3,32.766666666666666,0.0
8663,Student_8663,Other,II,161.0,26.833333333333332,0.0
8677,Student_8677,Male,I,117.2,39.06666666666667,0.0
8692,Student_8692,Female,I,198.0,33.0,0.0
8698,Student_8698,Male,I,233.6,38.93333333333333,0.0
8706,Student_8706,Female,III,210.6,35.1,0.0
8718,Student_8718,Female,III,114.69999999999999,38.23333333333333,0.0
8728,Student_8728,Other,I,76.7,25.566666666666666,0.0
8756,Student_8756,Male,II,77.3,25.766666666666666,0.0
8764,Student_8764,Other,I,87.19999999999999,29.066666666666663,0.0
8784,Student_8784,Male,III,225.0,37.5,0.0
8805,Student_8805,Female,III,74.0,24.666666666666668,0.0
8820,Student_8820,Female,III,106.8,35.6,0.0
8822,Student_8822,Other,II,71.9,23.96666666666667,0.0
8828,Student_8828,Male,II,106.0,35.333333333333336,0.0
8860,Student_8860,Other,I,119.19999999999999,39.73333333333333,0.0
8880,Student_8880,Other,III,109.4,36.46666666666667,0.0
8932,Student_8932,Male,I,106.19999999999999,35.4,0.0
8934,Student_8934,Other,III,112.80000000000001,37.6,0.0
8948,Student_8948,Male,II,99.80000000000001,33.26666666666667,0.0
8950,Student_8950,Male,I,235.6,39.266666666666666,0.0
9000,Student_9000,Female,III,104.4,34.800000000000004,0.0
9004,Student_9004,Female,I,97.4,32.46666666666667,0.0
9028,Student_9028,Male,I,107.5,35.833333333333336,0.0
9033,Student_9033,Male,III,213.0,35.5,0.0
9036,Student_9036,Other,III,73.1,24.366666666666664,0.0
9046,Student_9046,Male,I,208.4,34.733333333333334,0.0
9060,Student_9060,Female,III,69.1,23.03333333333333,0.0
9064,Student_9064,Female,I,64.6,21.53333333333333,0.0
9066,Student_9066,Other,III,183.6,30.599999999999998,0.0
9096,Student_9096,Female,III,311.09999999999997,34.56666666666666,0.0
9106,Student_9106,Male,I,222.6,37.1,0.0
9118,Student_9118,Female,I,199.39999999999998,33.23333333333333,0.0
9123,Student_9123,Male,III,85.7,28.566666666666666,0.0
9128,Student_9128,Other,II,330.0,36.666666666666664,0.0
9130,Student_9130,Male,I,100.4,33.46666666666667,0.0
9132,Student_9132,Female,III,276.0,30.666666666666668,0.0
9147,Student_9147,Other,III,171.3,19.033333333333335,0.0
9194,Student_9194,Female,II,72.8,24.266666666666666,0.0
9196,Student_9196,Male,I,108.8,36.266666666666666,0.0
9220,Student_9220,Male,I,228.2,38.03333333333333,0.0
9236,Student_9236,Other,II,223.8,37.300000000000004,0.0
9262,Student_9262,Female,I,197.0,32.833333333333336,0.0
9272,Student_9272,Female,II,93.1,31.03333333333333,0.0
9279,Student_9279,Other,III,59.2,19.733333333333334,0.0
9332,Student_9332,Male,II,114.5,38.166666666666664,0.0
9336,Student_9336,Other,III,108.8,36.266666666666666,0.0
9346,Student_9346,Male,I,92.5,30.833333333333332,0.0
9352,Student_9352,Male,I,80.1,26.7,0.0
9392,Student_9392,Male,II,119.0,39.666666666666664,0.0
9400,Student_9400,Other,I,188.60000000000002,31.433333333333337,0.0
9409,Student_9409,Male,I,235.2,39.199999999999996,0.0
9430,Student_9430,Female,I,75.9,25.3,0.0
9446,Student_9446,Other,II,107.9,35.96666666666667,0.0
9458,Student_9458,Other,II,47.9,15.966666666666667,0.0
9462,Student_9462,Female,III,195.20000000000002,32.53333333333334,0.0
9487,Student_9487,Other,I,89.7,29.900000000000002,0.0
9496,Student_9496,Other,I,171.2,28.53333333333333,0.0
9498,Student_9498,Female,III,191.2,31.866666666666664,0.0
9512,Student_9512,Other,II,112.4,37.46666666666667,0.0
9530,Student_9530,Other,II,78.5,26.166666666666668,0.0
9574,Student_9574,Female,I,155.4,31.080000000000002,0.0
9614,Student_9614,Male,II,93.7,31.233333333333334,0.0
9652,Student_9652,Male,I,111.6,37.199999999999996,0.0
9682,Student_9682,Female,I,86.1,28.7,0.0
9708,Student_9708,Female,III,96.60000000000001,32.2,0.0
9720,Student_9720,Other,III,215.2,35.86666666666667,0.0
9742,Student_9742,Other,I,211.8,35.300000000000004,0.0
9745,Student_9745,Other,I,112.3,37.43333333333333,0.0
9746,Student_9746,Male,II,105.7,35.233333333333334,0.0
9765,Student_9765,Male,III,90.0,30.0,0.0
9772,Student_9772,Female,I,112.0,37.333333333333336,0.0
9794,Student_9794,Male,II,238.4,39.733333333333334,0.0
9798,Student_9798,Male,III,276.0,30.666666666666668,0.0
9817,Student_9817,Other,I,114.69999999999999,38.23333333333333,0.0
9818,Student_9818,Female,II,117.1,39.03333333333333,0.0
9823,Student_9823,Male,I,68.30000000000001,22.76666666666667,0.0
9829,Student_9829,Male,I,108.69999999999999,36.23333333333333,0.0
9831,Student_9831,Other,III,118.4,39.46666666666667,0.0
9846,Student_9846,Female,III,111.2,37.06666666666667,0.0
9854,Student_9854,Female,II,77.8,25.933333333333334,0.0
9862,Student_9862,Male,I,95.1,31.7,0.0
9890,Student_9890,Female,II,216.39999999999998,36.06666666666666,0.0
9915,Student_9915,Other,III,95.6,31.866666666666664,0.0
9957,Student_9957,Other,III,106.10000000000001,35.36666666666667,0.0
9988,Student_9988,Other,I,103.0,34.333333333333336,0.0
9992,Student_9992,Other,II,103.7,34.56666666666667,0.0
10002,Student_10002,Other,III,125.39999999999999,20.9,0.0
10018,Student_10018,Other,I,95.80000000000001,31.933333333333337,0.0
10026,Student_10026,Male,III,54.7,18.233333333333334,0.0
10036,Student_10036,Male,I,102.9,34.300000000000004,0.0
10041,Student_10041,Other,III,187.60000000000002,31.26666666666667,0.0
10068,Student_10068,Female,III,118.0,39.333333333333336,0.0
10077,Student_10077,Male,III,107.6,35.86666666666667,0.0
10083,Student_10083,Male,III,76.0,25.333333333333332,0.0
10086,Student_10086,Male,III,68.5,22.833333333333332,0.0
10094,Student_10094,Other,II,61.0,20.333333333333332,0.0
10117,Student_10117,Other,I,105.69999999999999,35.23333333333333,0.0
10122,Student_10122,Male,III,91.0,30.333333333333332,0.0
10130,Student_10130,Female,II,119.0,39.666666666666664,0.0
10142,Student_10142,Other,II,108.2,36.06666666666667,0.0
10158,Student_10158,Male,III,69.8,23.266666666666666,0.0
10188,Student_10188,Female,III,192.2,32.03333333333333,0.0
10198,Student_10198,Female,I,239.2,39.86666666666667,0.0
10203,Student_10203,Other,III,71.6,23.866666666666664,0.0
10244,Student_10244,Other,II,87.3,29.099999999999998,0.0
10249,Student_10249,Male,I,65.9,21.96666666666667,0.0
10266,Student_10266,Other,III,118.4,39.46666666666667,0.0
10289,Student_10289,Female,II,50.8,16.933333333333334,0.0
10300,Student_10300,Female,I,92.5,30.833333333333332,0.0
10308,Student_10308,Female,III,108.10000000000001,36.03333333333334,0.0
10311,Student_10311,Male,III,116.7,38.9,0.0
10340,Student_10340,Other,II,108.7,36.233333333333334,0.0
10343,Student_10343,Female,II,115.5,38.5,0.0
10346,Student_10346,Male,II,164.2,27.366666666666664,0.0
10348,Student_10348,Female,I,91.1,30.366666666666664,0.0
10354,Student_10354,Male,I,101.6,33.86666666666667,0.0
10372,Student_10372,Female,I,92.8,30.933333333333334,0.0
10440,Student_10440,Male,III,85.9,28.633333333333336,0.0
10490,Student_10490,Other,II,80.19999999999999,26.73333333333333,0.0
10491,Student_10491,Other,III,98.6,32.86666666666667,0.0
10514,Student_10514,Male,II,118.4,39.46666666666667,0.0
10544,Student_10544,Male,II,113.2,37.733333333333334,0.0
10548,Student_10548,Male,III,104.69999999999999,34.9,0.0
10618,Student_10618,Other,I,106.2,17.7,0.0
10626,Student_10626,Male,III,197.6,32.93333333333333,0.0
10654,Student_10654,Other,I,334.5,37.166666666666664,0.0
10656,Student_10656,Male,III,217.2,36.199999999999996,0.0
10662,Student_10662,Female,III,233.0,38.833333333333336,0.0
10666,Student_10666,Male,I,80.0,26.666666666666668,0.0
10674,Student_10674,Other,III,195.0,32.5,0.0
10675,Student_10675,Female,I,90.7,30.233333333333334,0.0
10707,Student_10707,Male,III,84.8,28.266666666666666,0.0
10712,Student_10712,Female,II,116.69999999999999,38.9,0.0
10732,Student_10732,Other,I,111.1,37.03333333333333,0.0
10745,Student_10745,Other,II,235.8,39.300000000000004,0.0
10757,Student_10757,Female,II,91.3,30.433333333333334,0.0
10776,Student_10776,Male,III,218.0,36.333333333333336,0.0
10777,Student_10777,Other,I,38.7,12.9,0.0
10802,Student_10802,Male,II,110.3,36.766666666666666,0.0
10823,Student_10823,Male,II,119.0,39.666666666666664,0.0
10834,Student_10834,Female,I,102.80000000000001,34.26666666666667,0.0
10866,Student_10866,Female,III,96.9,32.300000000000004,0.0
10912,Student_10912,Male,I,109.6,36.53333333333333,0.0
10914,Student_10914,Male,III,90.5,30.166666666666668,0.0
10928,Student_10928,Other,II,214.6,35.766666666666666,0.0
11005,Student_11005,Other,I,86.9,28.96666666666667,0.0
11012,Student_11012,Female,II,79.5,26.5,0.0
11018,Student_11018,Other,II,172.2,28.7,0.0
11026,Student_11026,Other,I,108.6,36.199999999999996,0.0
11037,Student_11037,Female,III,111.9,37.300000000000004,0.0
11046,Student_11046,Female,III,83.9,27.96666666666667,0.0
11056,Student_11056,Female,I,95.6,31.866666666666664,0.0
11064,Student_11064,Female,III,114.1,38.03333333333333,0.0
11108,Student_11108,Female,II,189.8,31.633333333333336,0.0
11150,Student_11150,Male,II,68.9,22.96666666666667,0.0
11176,Student_11176,Male,I,230.8,38.46666666666667,0.0
11192,Student_11192,Female,II,118.9,39.63333333333333,0.0
11196,Student_11196,Male,III,78.3,26.099999999999998,0.0
11204,Student_11204,Male,II,90.7,30.233333333333334,0.0
11206,Student_11206,Female,I,96.4,32.13333333333333,0.0
11216,Student_11216,Female,II,111.4,37.13333333333333,0.0
11220,Student_11220,Male,III,91.30000000000001,30.433333333333337,0.0
11240,Student_11240,Female,II,116.60000000000001,38.86666666666667,0.0
11253,Student_11253,Other,III,86.6,28.866666666666664,0.0
11290,Student_11290,Female,I,57.3,28.65,0.0
11308,Student_11308,Female,I,308.4,34.266666666666666,0.0
11310,Student_11310,Other,III,103.7,34.56666666666667,0.0
11320,Student_11320,Male,I,117.9,39.300000000000004,0.0
11332,Student_11332,Female,I,84.7,28.233333333333334,0.0
11346,Student_11346,Other,III,94.7,31.566666666666666,0.0
11349,Student_11349,Female,III,86.1,28.7,0.0
11378,Student_11378,Male,II,139.4,23.233333333333334,0.0
11402,Student_11402,Other,II,71.6,23.866666666666664,0.0
11406,Student_11406,Female,III,110.19999999999999,18.366666666666664,0.0
11412,Student_11412,Female,III,90.8,30.266666666666666,0.0
11420,Student_11420,Other,II,90.60000000000001,30.200000000000003,0.0
11469,Student_11469,Male,III,110.5,36.833333333333336,0.0
11478,Student_11478,Male,III,190.2,31.7,0.0
11487,Student_11487,Male,III,91.8,30.599999999999998,0.0
11524,Student_11524,Male,I,67.8,22.599999999999998,0.0
11536,Student_11536,Female,I,31.2,10.4,0.0
11558,Student_11558,Male,II,24.1,8.033333333333333,0.0
11580,Student_11580,Other,III,102.30000000000001,34.1,0.0
11621,Student_11621,Other,II,98.1,32.699999999999996,0.0
11635,Student_11635,Other,I,79.5,26.5,0.0
11654,Student_11654,Other,II,191.2,31.866666666666664,0.0
11660,Student_11660,Female,II,115.5,38.5,0.0
11676,Student_11676,Other,III,99.2,33.06666666666667,0.0
11686,Student_11686,Male,I,88.4,29.46666666666667,0.0
11719,Student_11719,Female,I,95.8,31.933333333333334,0.0
11752,Student_11752,Other,I,195.4,32.56666666666667,0.0
11790,Student_11790,Male,III,237.4,39.56666666666667,0.0
11818,Student_11818,Male,I,98.0,32.666666666666664,0.0
11822,Student_11822,Other,II,191.4,31.900000000000002,0.0
11868,Student_11868,Other,III,158.8,26.46666666666667,0.0
11887,Student_11887,Male,I,111.9,37.300000000000004,0.0
11906,Student_11906,Female,II,117.19999999999999,39.06666666666666,0.0
11949,Student_11949,Male,III,83.2,27.733333333333334,0.0
11957,Student_11957,Female,II,63.4,21.133333333333333,0.0
11964,Student_11964,Male,III,85.6,28.53333333333333,0.0
11984,Student_11984,Other,II,114.5,38.166666666666664,0.0
11985,Student_11985,Female,III,109.0,36.333333333333336,0.0
12006,Student_12006,Female,III,82.1,27.366666666666664,0.0
12018,Student_12018,Male,III,98.3,32.766666666666666,0.0
12022,Student_12022,Female,I,201.4,33.56666666666667,0.0
12028,Student_12028,Female,I,63.4,21.133333333333333,0.0
12060,Student_12060,Female,III,58.5,19.5,0.0
12100,Student_12100,Male,I,216.8,36.13333333333333,0.0
12114,Student_12114,Female,III,110.5,36.833333333333336,0.0
12138,Student_12138,Female,III,118.5,39.5,0.0
12143,Student_12143,Male,II,109.6,36.53333333333333,0.0
12148,Student_12148,Other,I,115.6,38.53333333333333,0.0
12168,Student_12168,Female,III,105.6,35.199999999999996,0.0
12184,Student_12184,Female,I,101.9,33.96666666666667,0.0
12196,Student_12196,Other,I,93.6,31.2,0.0
12198,Student_12198,Female,III,207.4,34.56666666666667,0.0
12216,Student_12216,Other,III,212.6,35.43333333333333,0.0
12231,Student_12231,Male,III,103.4,34.46666666666667,0.0
12240,Student_12240,Other,III,85.4,28.46666666666667,0.0
12245,Student_12245,Other,II,108.7,36.233333333333334,0.0
12248,Student_12248,Other,II,85.1,28.366666666666664,0.0
12258,Student_12258,Other,III,82.0,27.333333333333332,0.0
12261,Student_12261,Other,III,68.19999999999999,22.73333333333333,0.0
12262,Student_12262,Male,I,228.39999999999998,38.06666666666666,0.0
12270,Student_12270,Other,III,103.4,34.46666666666667,0.0
12276,Student_12276,Male,III,105.0,35.0,0.0
12280,Student_12280,Male,I,168.8,28.133333333333336,0.0
12318,Student_12318,Female,III,212.2,35.36666666666667,0.0
12322,Student_12322,Female,I,118.1,39.36666666666667,0.0
12326,Student_12326,Other,II,118.30000000000001,39.43333333333334,0.0
12336,Student_12336,Other,III,75.4,25.133333333333336,0.0
12344,Student_12344,Other,II,93.5,31.166666666666668,0.0
12360,Student_12360,Male,III,98.8,32.93333333333333,0.0
12374,Student_12374,Female,II,103.1,34.36666666666667,0.0
12410,Student_12410,Male,II,100.5,33.5,0.0
12436,Student_12436,Male,I,150.2,25.03333333333333,0.0
12442,Student_12442,Female,I,100.9,33.63333333333333,0.0
12449,Student_12449,Male,II,88.4,29.46666666666667,0.0
12471,Student_12471,Male,III,90.5,30.166666666666668,0.0
12484,Student_12484,Female,I,55.4,18.466666666666665,0.0
12486,Student_12486,Female,III,178.2,19.799999999999997,0.0
12492,Student_12492,Other,III,99.6,33.199999999999996,0.0
12497,Student_12497,Other,II,91.2,30.400000000000002,0.0
12504,Student_12504,Female,III,82.2,27.400000000000002,0.0
12538,Student_12538,Female,I,191.0,31.833333333333332,0.0
12590,Student_12590,Male,II,117.6,39.199999999999996,0.0
12598,Student_12598,Male,I,75.2,25.066666666666666,0.0
12620,Student_12620,Other,II,107.7,35.9,0.0
12642,Student_12642,Other,III,226.2,37.699999999999996,0.0
12644,Student_12644,Other,II,59.400000000000006,19.8,0.0
12678,Student_12678,Female,III,331.5,36.833333333333336,0.0
12679,Student_12679,Male,I,109.19999999999999,36.4,0.0
12683,Student_12683,Other,II,106.60000000000001,35.53333333333334,0.0
12718,Student_12718,Female,I,54.8,18.266666666666666,0.0
12798,Student_12798,Female,III,229.8,38.300000000000004,0.0
12818,Student_12818,Female,II,110.1,36.699999999999996,0.0
12824,Student_12824,Male,II,66.9,22.3,0.0
12826,Student_12826,Other,I,57.599999999999994,19.2,0.0
12829,Student_12829,Other,I,70.30000000000001,23.433333333333337,0.0
12850,Student_12850,Other,I,40.3,13.433333333333332,0.0
12853,Student_12853,Other,I,111.7,37.233333333333334,0.0
12862,Student_12862,Other,I,85.8,28.599999999999998,0.0
12890,Student_12890,Male,II,116.6,38.86666666666667,0.0
12904,Student_12904,Other,I,110.0,36.666666666666664,0.0
12922,Student_12922,Other,I,236.60000000000002,39.43333333333334,0.0
12932,Student_12932,Other,II,332.4,36.93333333333333,0.0
12938,Student_12938,Male,II,219.6,36.6,0.0
12942,Student_12942,Other,III,94.0,15.666666666666666,0.0
12949,Student_12949,Other,I,73.9,24.633333333333336,0.0
12970,Student_12970,Other,I,43.9,14.633333333333333,0.0
12984,Student_12984,Male,III,119.69999999999999,39.9,0.0
13007,Student_13007,Other,II,66.6,22.2,0.0
13020,Student_13020,Female,III,118.3,39.43333333333333,0.0
13046,Student_13046,Other,II,127.6,21.266666666666666,0.0
13100,Student_13100,Male,II,108.30000000000001,36.1,0.0
13120,Student_13120,Male,I,73.9,24.633333333333336,0.0
13124,Student_13124,Male,II,103.9,34.63333333333333,0.0
13147,Student_13147,Male,I,54.5,18.166666666666668,0.0
13152,Student_13152,Female,III,193.60000000000002,32.26666666666667,0.0
13162,Student_13162,Female,I,323.09999999999997,35.9,0.0
13176,Student_13176,Male,III,99.2,33.06666666666667,0.0
13182,Student_13182,Female,III,116.2,38.733333333333334,0.0
13185,Student_13185,Female,III,69.9,23.3,0.0
13226,Student_13226,Female,II,116.6,38.86666666666667,0.0
13270,Student_13270,Other,I,174.2,29.03333333333333,0.0
13289,Student_13289,Female,II,72.3,24.099999999999998,0.0
13290,Student_13290,Female,III,81.0,27.0,0.0
13297,Student_13297,Other,I,81.5,27.166666666666668,0.0
13298,Student_13298,Female,II,105.30000000000001,35.1,0.0
13310,Student_13310,Female,II,110.0,36.666666666666664,0.0
13319,Student_13319,Other,II,93.5,31.166666666666668,0.0
13334,Student_13334,Female,II,117.9,39.300000000000004,0.0
13350,Student_13350,Male,III,233.8,38.96666666666667,0.0
13356,Student_13356,Other,III,340.2,37.8,0.0
13360,Student_13360,Male,I,118.80000000000001,39.6,0.0
13366,Student_13366,Female,I,112.1,37.36666666666667,0.0
13368,Student_13368,Male,III,113.8,18.966666666666665,0.0
13390,Student_13390,Other,I,117.19999999999999,19.53333333333333,0.0
13392,Student_13392,Other,III,109.2,36.4,0.0
13418,Student_13418,Male,II,174.2,29.03333333333333,0.0
13419,Student_13419,Other,III,107.5,35.833333333333336,0.0
13422,Student_13422,Other,III,100.0,33.333333333333336,0.0
13423,Student_13423,Female,I,109.5,36.5,0.0
13441,Student_13441,Female,I,201.3,22.366666666666667,0.0
13455,Student_13455,Other,III,109.7,36.56666666666667,0.0
13482,Student_13482,Male,III,174.6,29.099999999999998,0.0
13513,Student_13513,Other,I,116.1,38.699999999999996,0.0
13516,Student_13516,Female,I,184.20000000000002,30.700000000000003,0.0
13518,Student_13518,Female,III,67.1,22.366666666666664,0.0
13520,Student_13520,Other,II,62.4,20.8,0.0
13538,Student_13538,Female,II,302.4,33.599999999999994,0.0
13544,Student_13544,Other,II,173.0,28.833333333333332,0.0
13582,Student_13582,Other,I,118.7,39.56666666666667,0.0
13602,Student_13602,Other,III,118.5,39.5,0.0
13620,Student_13620,Female,III,39.300000000000004,13.100000000000001,0.0
13636,Student_13636,Other,I,192.0,21.333333333333332,0.0
13650,Student_13650,Female,III,97.2,32.4,0.0
13664,Student_13664,Female,II,68.69999999999999,22.899999999999995,0.0
13700,Student_13700,Other,II,81.2,27.066666666666666,0.0
13712,Student_13712,Other,II,163.2,27.2,0.0
13724,Student_13724,Male,II,181.2,30.2,0.0
13740,Student_13740,Other,III,88.4,29.46666666666667,0.0
13744,Student_13744,Female,I,98.30000000000001,32.76666666666667,0.0
13791,Student_13791,Other,III,102.0,34.0,0.0
13833,Student_13833,Other,III,71.1,23.7,0.0
13840,Student_13840,Male,I,109.1,36.36666666666667,0.0
13894,Student_13894,Other,I,103.4,34.46666666666667,0.0
13902,Student_13902,Other,III,61.5,30.75,0.0
13904,Student_13904,Other,II,113.7,37.9,0.0
13918,Student_13918,Female,I,326.1,36.233333333333334,0.0
13924,Student_13924,Female,I,97.5,32.5,0.0
13927,Student_13927,Female,I,106.1,35.36666666666667,0.0
13928,Student_13928,Male,II,103.6,34.53333333333333,0.0
13974,Student_13974,Male,III,112.2,37.4,0.0
13988,Student_13988,Other,II,89.5,29.833333333333332,0.0
13998,Student_13998,Female,III,111.6,37.199999999999996,0.0
14000,Student_14000,Other,II,88.7,29.566666666666666,0.0
14004,Student_14004,Other,III,115.0,38.333333333333336,0.0
14018,Student_14018,Female,II,153.4,25.566666666666666,0.0
14036,Student_14036,Male,II,89.19999999999999,29.73333333333333,0.0
14054,Student_14054,Other,II,104.60000000000001,34.86666666666667,0.0
14060,Student_14060,Male,II,114.4,38.13333333333333,0.0
14068,Student_14068,Male,I,112.0,37.333333333333336,0.0
14081,Student_14081,Other,II,113.19999999999999,37.73333333333333,0.0
14082,Student_14082,Other,III,71.2,23.733333333333334,0.0
14094,Student_14094,Female,III,112.1,37.36666666666667,0.0
14108,Student_14108,Other,II,101.0,33.666666666666664,0.0
14131,Student_14131,Male,I,73.1,24.366666666666664,0.0
14148,Student_14148,Male,III,119.19999999999999,39.73333333333333,0.0
14170,Student_14170,Other,I,75.7,25.233333333333334,0.0
14192,Student_14192,Female,II,353.4,39.266666666666666,0.0
14193,Student_14193,Female,III,81.3,27.099999999999998,0.0
14223,Student_14223,Female,III,95.7,31.900000000000002,0.0
14248,Student_14248,Other,I,99.7,33.233333333333334,0.0
14253,Student_14253,Female,III,108.9,36.300000000000004,0.0
14260,Student_14260,Female,I,169.39999999999998,28.23333333333333,0.0
14309,Student_14309,Other,II,108.0,36.0,0.0
14331,Student_14331,Female,III,73.0,24.333333333333332,0.0
14332,Student_14332,Female,I,117.3,39.1,0.0
14343,Student_14343,Female,III,99.5,33.166666666666664,0.0
14354,Student_14354,Female,II,60.4,20.133333333333333,0.0
14356,Student_14356,Other,I,116.2,38.733333333333334,0.0
14363,Student_14363,Male,II,138.4,23.066666666666666,0.0
14398,Student_14398,Female,I,180.4,30.066666666666666,0.0
14400,Student_14400,Female,III,86.7,28.900000000000002,0.0
14404,Student_14404,Female,I,90.2,30.066666666666666,0.0
14422,Student_14422,Male,I,112.19999999999999,37.4,0.0
14428,Student_14428,Male,I,92.8,30.933333333333334,0.0
14429,Student_14429,Male,II,74.0,24.666666666666668,0.0
14488,Student_14488,Female,I,83.4,27.8,0.0
14516,Student_14516,Other,II,85.3,28.433333333333334,0.0
14526,Student_14526,Female,III,83.7,27.900000000000002,0.0
14544,Student_14544,Other,III,92.60000000000001,30.86666666666667,0.0
14564,Student_14564,Female,II,91.9,30.633333333333336,0.0
14567,Student_14567,Other,II,119.3,39.766666666666666,0.0
14586,Student_14586,Other,III,102.0,34.0,0.0
14598,Student_14598,Other,III,224.8,37.46666666666667,0.0
14600,Student_14600,Female,II,142.6,23.766666666666666,0.0
14622,Student_14622,Other,III,70.1,23.366666666666664,0.0
14687,Student_14687,Male,II,79.69999999999999,39.849999999999994,0.0
14718,Student_14718,Male,III,94.5,31.5,0.0
14744,Student_14744,Other,II,186.6,31.099999999999998,0.0
14768,Student_14768,Male,II,119.0,39.666666666666664,0.0
14791,Student_14791,Female,I,103.39999999999999,34.46666666666666,0.0
14792,Student_14792,Other,II,117.5,39.166666666666664,0.0
14796,Student_14796,Male,III,118.0,39.333333333333336,0.0
14821,Student_14821,Other,I,327.3,36.36666666666667,0.0
14822,Student_14822,Male,II,165.4,27.566666666666666,0.0
14868,Student_14868,Male,III,104.1,34.699999999999996,0.0
14890,Student_14890,Other,I,186.2,31.03333333333333,0.0
14918,Student_14918,Other,II,228.39999999999998,38.06666666666666,0.0
14932,Student_14932,Other,I,184.6,30.766666666666666,0.0
14936,Student_14936,Female,II,100.5,33.5,0.0
14944,Student_14944,Other,I,79.5,39.75,0.0
14956,Student_14956,Female,I,160.4,26.733333333333334,0.0
14972,Student_14972,Other,II,116.1,38.699999999999996,0.0
14996,Student_14996,Male,II,202.0,33.666666666666664,0.0
13419,Student_13419,Other,I,107.5,35.833333333333336,0.0
6266,Student_6266,Other,III,183.4,30.566666666666666,0.0
5052,Student_5052,Male,II,140.8,23.46666666666667,0.0
6397,Student_6397,Female,II,309.6,34.400000000000006,0.0
3006,Student_3006,Female,III,196.4,32.733333333333334,0.0
1586,Student_1586,Female,III,95.5,31.833333333333332,0.0
11654,Student_11654,Other,II,191.2,31.866666666666664,0.0
13418,Student_13418,Male,I,174.2,29.03333333333333,0.0
7630,Student_7630,Male,II,295.5,32.833333333333336,0.0
1017,Student_1017,Female,II,111.9,37.300000000000004,0.0
7893,Student_7893,Female,II,107.5,35.833333333333336,0.0
4860,Student_4860,Female,II,56.0,18.666666666666668,0.0
13441,Student_13441,Female,II,201.3,22.366666666666667,0.0
5619,Student_5619,Male,I,343.8,38.2,0.0
3100,Student_3100,Female,III,112.19999999999999,37.4,0.0
8756,Student_8756,Male,III,77.3,25.766666666666666,0.0
5117,Student_5117,Other,I,71.5,23.833333333333332,0.0
14821,Student_14821,Other,II,327.3,36.36666666666667,0.0
9915,Student_9915,Other,III,95.6,31.866666666666664,0.0
11253,Student_11253,Other,II,86.6,28.866666666666664,0.0
5576,Student_5576,Other,II,109.5,36.5,0.0
11192,Student_11192,Female,III,118.9,39.63333333333333,0.0
7778,Student_7778,Male,I,61.4,20.466666666666665,0.0
1931,Student_1931,Female,I,113.6,37.86666666666667,0.0
4283,Student_4283,Male,I,236.6,39.43333333333333,0.0
660,Student_660,Male,II,163.8,18.200000000000003,0.0
11412,Student_11412,Female,II,90.8,30.266666666666666,0.0
10249,Student_10249,Male,II,65.9,21.96666666666667,0.0
12184,Student_12184,Female,I,101.9,33.96666666666667,0.0
4200,Student_4200,Female,I,67.5,22.5,0.0
2558,Student_2558,Other,II,93.6,31.2,0.0
2962,Student_2962,Female,I,228.8,38.13333333333333,0.0
11984,Student_11984,Other,II,114.5,38.166666666666664,0.0
9720,Student_9720,Other,I,215.2,35.86666666666667,0.0
10928,Student_10928,Other,III,214.6,35.766666666666666,0.0
9147,Student_9147,Other,II,171.3,19.033333333333335,0.0
14363,Student_14363,Male,I,138.4,23.066666666666666,0.0
7023,Student_7023,Female,II,110.1,36.699999999999996,0.0
2206,Student_2206,Male,III,193.4,32.233333333333334,0.0
9332,Student_9332,Male,II,114.5,38.166666666666664,0.0
7561,Student_7561,Other,II,91.39999999999999,30.466666666666665,0.0
538,Student_538,Other,III,96.1,32.03333333333333,0.0
1842,Student_1842,Male,II,110.7,36.9,0.0
3770,Student_3770,Female,I,210.8,35.13333333333333,0.0
13366,Student_13366,Female,II,112.1,37.36666666666667,0.0
14600,Student_14600,Female,II,142.6,23.766666666666666,0.0
5,Student_5,Female,III,71.6,23.866666666666664,0.0
7080,Student_7080,Other,III,64.0,21.333333333333332,0.0
13418,Student_13418,Male,III,174.2,29.03333333333333,0.0
11868,Student_11868,Other,I,158.8,26.46666666666667,0.0
7561,Student_7561,Other,I,91.39999999999999,30.466666666666665,0.0
12922,Student_12922,Other,III,236.60000000000002,39.43333333333334,0.0
13185,Student_13185,Female,I,69.9,23.3,0.0
13297,Student_13297,Other,II,81.5,27.166666666666668,0.0
13516,Student_13516,Female,II,184.20000000000002,30.700000000000003,0.0
6618,Student_6618,Male,II,86.3,28.766666666666666,0.0
5053,Student_5053,Male,I,98.19999999999999,32.73333333333333,0.0
4381,Student_4381,Male,III,112.8,37.6,0.0
9818,Student_9818,Female,II,117.1,39.03333333333333,0.0
418,Student_418,Female,I,112.6,37.53333333333333,0.0
3268,Student_3268,Female,II,104.7,34.9,0.0
729,Student_729,Male,II,116.8,38.93333333333333,0.0
7165,Student_7165,Other,I,81.7,27.233333333333334,0.0
1572,Student_1572,Male,III,112.60000000000001,37.53333333333334,0.0
4969,Student_4969,Other,III,157.4,26.233333333333334,0.0
14398,Student_14398,Female,I,180.4,30.066666666666666,0.0
14192,Student_14192,Female,III,353.4,39.266666666666666,0.0
729,Student_729,Male,I,116.8,38.93333333333333,0.0
13924,Student_13924,Female,I,97.5,32.5,0.0
3637,Student_3637,Other,III,149.4,24.900000000000002,0.0
11487,Student_11487,Male,II,91.8,30.599999999999998,0.0
6802,Student_6802,Male,I,306.9,34.099999999999994,0.0
8692,Student_8692,Female,III,198.0,33.0,0.0
1532,Student_1532,Other,III,205.5,22.833333333333332,0.0
5349,Student_5349,Male,II,59.2,19.733333333333334,0.0
13988,Student_13988,Other,III,89.5,29.833333333333332,0.0
6191,Student_6191,Male,II,180.2,30.03333333333333,0.0
3377,Student_3377,Female,I,112.69999999999999,37.56666666666666,0.0
13455,Student_13455,Other,III,109.7,36.56666666666667,0.0
8663,Student_8663,Other,II,161.0,26.833333333333332,0.0
668,Student_668,Other,I,109.6,36.53333333333333,0.0
12678,Student_12678,Female,II,331.5,36.833333333333336,0.0
5125,Student_5125,Other,I,105.3,35.1,0.0
5990,Student_5990,Other,III,221.4,36.9,0.0
3637,Student_3637,Other,I,149.4,24.900000000000002,0.0
4810,Student_4810,Female,III,175.4,29.233333333333334,0.0
5998,Student_5998,Female,II,199.2,33.199999999999996,0.0
771,Student_771,Female,II,192.6,32.1,0.0
10041,Student_10041,Other,III,187.60000000000002,31.26666666666667,0.0
10343,Student_10343,Female,III,115.5,38.5,0.0
6942,Student_6942,Female,I,87.7,29.233333333333334,0.0
10675,Student_10675,Female,I,90.7,30.233333333333334,0.0
3580,Student_3580,Male,II,186.60000000000002,31.100000000000005,0.0
4301,Student_4301,Male,I,89.9,29.96666666666667,0.0
5125,Student_5125,Other,I,105.3,35.1,0.0
11310,Student_11310,Other,I,103.7,34.56666666666667,0.0
13390,Student_13390,Other,I,117.19999999999999,19.53333333333333,0.0
6191,Student_6191,Male,I,180.2,30.03333333333333,0.0
13368,Student_13368,Male,II,113.8,18.966666666666665,0.0
56,Student_56,Other,I,103.7,34.56666666666667,0.0
8718,Student_8718,Female,III,114.69999999999999,38.23333333333333,0.0
1532,Student_1532,Other,III,205.5,22.833333333333332,0.0
6230,Student_6230,Female,III,67.3,22.433333333333334,0.0
118,Student_118,Other,I,92.9,30.96666666666667,0.0
13918,Student_13918,Female,III,326.1,36.233333333333334,0.0
6284,Student_6284,Other,III,228.0,38.0,0.0
12942,Student_12942,Other,I,94.0,15.666666666666666,0.0
11906,Student_11906,Female,I,117.19999999999999,39.06666666666666,0.0
7985,Student_7985,Other,I,177.2,29.53333333333333,0.0
6942,Student_6942,Female,I,87.7,29.233333333333334,0.0
4821,Student_4821,Female,III,61.599999999999994,20.53333333333333,0.0
4228,Student_4228,Male,I,165.6,27.599999999999998,0.0
12904,Student_12904,Other,I,110.0,36.666666666666664,0.0
11790,Student_11790,Male,II,237.4,39.56666666666667,0.0
6944,Student_6944,Other,III,111.6,37.199999999999996,0.0
2713,Student_2713,Male,III,118.6,39.53333333333333,0.0
14890,Student_14890,Other,I,186.2,31.03333333333333,0.0
11046,Student_11046,Female,III,83.9,27.96666666666667,0.0
13636,Student_13636,Other,III,192.0,21.333333333333332,0.0
3031,Student_3031,Male,II,59.9,19.966666666666665,0.0
14223,Student_14223,Female,I,95.7,31.900000000000002,0.0
7974,Student_7974,Other,II,200.6,33.43333333333333,0.0
9147,Student_9147,Other,III,171.3,19.033333333333335,0.0
1206,Student_1206,Other,I,237.8,39.63333333333333,0.0
4381,Student_4381,Male,II,112.8,37.6,0.0
8534,Student_8534,Female,II,170.2,28.366666666666664,0.0
6705,Student_6705,Male,I,62.1,20.7,0.0
2066,Student_2066,Male,II,203.39999999999998,33.9,0.0
5084,Student_5084,Female,III,116.30000000000001,38.76666666666667,0.0
10354,Student_10354,Male,II,101.6,33.86666666666667,0.0
10094,Student_10094,Other,II,61.0,20.333333333333332,0.0
3463,Student_3463,Female,II,91.2,30.400000000000002,0.0
11349,Student_11349,Female,III,86.1,28.7,0.0
8706,Student_8706,Female,II,210.6,35.1,0.0
1280,Student_1280,Male,II,96.6,32.199999999999996,0.0
2052,Student_2052,Other,II,196.2,32.699999999999996,0.0
8042,Student_8042,Female,III,221.6,36.93333333333333,0.0
12245,Student_12245,Other,II,108.7,36.233333333333334,0.0
8379,Student_8379,Female,II,39.4,13.133333333333333,0.0
7716,Student_7716,Other,I,119.2,39.733333333333334,0.0
9829,Student_9829,Male,I,108.69999999999999,36.23333333333333,0.0
11308,Student_11308,Female,II,308.4,34.266666666666666,0.0
8045,Student_8045,Other,I,213.0,35.5,0.0
5914,Student_5914,Female,I,84.9,28.3,0.0
12538,Student_12538,Female,I,191.0,31.833333333333332,0.0
3043,Student_3043,Male,I,96.69999999999999,32.23333333333333,0.0
7127,Student_7127,Female,I,114.9,38.300000000000004,0.0
8503,Student_8503,Male,II,102.9,34.300000000000004,0.0
10654,Student_10654,Other,III,334.5,37.166666666666664,0.0
2033,Student_2033,Female,I,95.0,31.666666666666668,0.0
1772,Student_1772,Female,III,116.8,38.93333333333333,0.0
7512,Student_7512,Male,II,200.79999999999998,33.46666666666666,0.0
12261,Student_12261,Other,II,68.19999999999999,22.73333333333333,0.0
8203,Student_8203,Other,I,98.2,32.733333333333334,0.0
8246,Student_8246,Female,III,157.2,26.2,0.0
13833,Student_13833,Other,I,71.1,23.7,0.0
12262,Student_12262,Male,III,228.39999999999998,38.06666666666666,0.0
9106,Student_9106,Male,I,222.6,37.1,0.0
11580,Student_11580,Other,I,102.30000000000001,34.1,0.0
5069,Student_5069,Female,III,309.0,34.333333333333336,0.0
1592,Student_1592,Female,II,119.9,39.96666666666667,0.0
13482,Student_13482,Male,II,174.6,29.099999999999998,0.0
12644,Student_12644,Other,III,59.400000000000006,19.8,0.0
557,Student_557,Female,I,42.6,7.1000000000000005,0.0
3742,Student_3742,Other,II,288.6,32.06666666666667,0.0
11310,Student_11310,Other,III,103.7,34.56666666666667,0.0
10707,Student_10707,Male,I,84.8,28.266666666666666,0.0
11719,Student_11719,Female,III,95.8,31.933333333333334,0.0
8477,Student_8477,Other,III,85.0,28.333333333333332,0.0
5044,Student_5044,Male,II,57.8,19.266666666666666,0.0
2897,Student_2897,Female,II,116.5,38.833333333333336,0.0
10002,Student_10002,Other,II,125.39999999999999,20.9,0.0
6636,Student_6636,Other,I,159.0,26.5,0.0
5180,Student_5180,Female,II,281.4,31.266666666666666,0.0
1051,Student_1051,Other,I,88.7,29.566666666666666,0.0
13998,Student_13998,Female,II,111.6,37.199999999999996,0.0
6060,Student_6060,Female,III,363.6,30.3,0.0
14791,Student_14791,Female,I,103.39999999999999,34.46666666666666,0.0
8466,Student_8466,Other,II,355.6,29.633333333333336,0.0
8784,Student_8784,Male,I,225.0,37.5,0.0
14428,Student_14428,Male,I,92.8,30.933333333333334,0.0
2721,Student_2721,Female,II,116.3,38.766666666666666,0.0
9128,Student_9128,Other,I,330.0,36.666666666666664,0.0
14332,Student_14332,Female,I,117.3,39.1,0.0
7834,Student_7834,Other,II,102.2,34.06666666666667,0.0
1710,Student_1710,Female,II,119.0,39.666666666666664,0.0
106,Student_106,Male,III,105.3,35.1,0.0
1926,Student_1926,Female,III,363.6,30.3,0.0
11654,Student_11654,Other,II,191.2,31.866666666666664,0.0
4905,Student_4905,Female,III,63.1,21.033333333333335,0.0
13162,Student_13162,Female,II,323.09999999999997,35.9,0.0
2357,Student_2357,Other,II,66.3,22.099999999999998,0.0
8596,Student_8596,Female,III,111.7,37.233333333333334,0.0
9462,Student_9462,Female,III,195.20000000000002,32.53333333333334,0.0
10340,Student_10340,Other,III,108.7,36.233333333333334,0.0
9132,Student_9132,Female,II,276.0,30.666666666666668,0.0
12198,Student_12198,Female,II,207.4,34.56666666666667,0.0
4600,Student_4600,Female,II,109.6,36.53333333333333,0.0
12216,Student_12216,Other,III,212.6,35.43333333333333,0.0
3179,Student_3179,Other,II,83.9,27.96666666666667,0.0
9772,Student_9772,Female,I,112.0,37.333333333333336,0.0
1926,Student_1926,Female,III,363.6,30.3,0.0
9236,Student_9236,Other,I,223.8,37.300000000000004,0.0
11037,Student_11037,Female,III,111.9,37.300000000000004,0.0
6981,Student_6981,Female,I,72.4,24.133333333333336,0.0
12258,Student_12258,Other,I,82.0,27.333333333333332,0.0
6528,Student_6528,Other,I,234.79999999999998,39.13333333333333,0.0
5758,Student_5758,Female,II,92.2,30.733333333333334,0.0
9992,Student_9992,Other,II,103.7,34.56666666666667,0.0
12374,Student_12374,Female,II,103.1,34.36666666666667,0.0
7762,Student_7762,Female,I,97.6,32.53333333333333,0.0
1368,Student_1368,Male,II,183.2,30.53333333333333,0.0
9817,Student_9817,Other,III,114.69999999999999,38.23333333333333,0.0
2876,Student_2876,Male,I,173.0,28.833333333333332,0.0
6060,Student_6060,Female,III,363.6,30.3,0.0
407,Student_407,Other,I,112.8,37.6,0.0
6937,Student_6937,Other,III,113.9,37.96666666666667,0.0
106,Student_106,Male,I,105.3,35.1,0.0
4617,Student_4617,Male,II,74.3,24.766666666666666,0.0
10618,Student_10618,Other,III,106.2,17.7,0.0
13147,Student_13147,Male,II,54.5,18.166666666666668,0.0
3180,Student_3180,Female,II,167.60000000000002,27.933333333333337,0.0
6705,Student_6705,Male,I,62.1,20.7,0.0
3714,Student_3714,Other,II,211.4,35.233333333333334,0.0
5052,Student_5052,Male,III,140.8,23.46666666666667,0.0
10757,Student_10757,Female,I,91.3,30.433333333333334,0.0
8534,Student_8534,Female,I,170.2,28.366666666666664,0.0
2818,Student_2818,Female,II,70.4,11.733333333333334,0.0
13712,Student_13712,Other,II,163.2,27.2,0.0
286,Student_286,Male,I,108.0,36.0,0.0
3726,Student_3726,Female,II,108.7,36.233333333333334,0.0
9794,Student_9794,Male,III,238.4,39.733333333333334,0.0
2818,Student_2818,Female,III,70.4,11.733333333333334,0.0
3268,Student_3268,Female,III,104.7,34.9,0.0
1443,Student_1443,Other,III,89.9,29.96666666666667,0.0
7630,Student_7630,Male,III,295.5,32.833333333333336,0.0
2979,Student_2979,Male,I,112.6,37.53333333333333,0.0
7968,Student_7968,Other,I,294.3,32.7,0.0
12678,Student_12678,Female,I,331.5,36.833333333333336,0.0
5180,Student_5180,Female,I,281.4,31.266666666666666,0.0
8649,Student_8649,Male,II,98.3,32.766666666666666,0.0
1383,Student_1383,Other,I,104.9,34.96666666666667,0.0
1404,Student_1404,Other,II,99.39999999999999,33.13333333333333,0.0
7858,Student_7858,Male,I,54.5,18.166666666666668,0.0
14791,Student_14791,Female,I,103.39999999999999,34.46666666666666,0.0
9957,Student_9957,Other,II,106.10000000000001,35.36666666666667,0.0
12798,Student_12798,Female,III,229.8,38.300000000000004,0.0
14309,Student_14309,Other,III,108.0,36.0,0.0
6037,Student_6037,Male,I,93.0,31.0,0.0
5888,Student_5888,Female,III,201.2,33.53333333333333,0.0
12471,Student_12471,Male,I,90.5,30.166666666666668,0.0
12028,Student_12028,Female,III,63.4,21.133333333333333,0.0
9652,Student_9652,Male,III,111.6,37.199999999999996,0.0
14890,Student_14890,Other,II,186.2,31.03333333333333,0.0
2673,Student_2673,Female,I,76.6,25.53333333333333,0.0
3632,Student_3632,Other,I,81.5,27.166666666666668,0.0
5331,Student_5331,Other,II,211.8,35.300000000000004,0.0
11887,Student_11887,Male,III,111.9,37.300000000000004,0.0
6512,Student_6512,Female,II,343.5,38.166666666666664,0.0
3840,Student_3840,Other,I,218.8,36.46666666666667,0.0
14687,Student_14687,Male,II,79.69999999999999,39.849999999999994,0.0
13538,Student_13538,Female,III,302.4,33.599999999999994,0.0
9128,Student_9128,Other,II,330.0,36.666666666666664,0.0
12276,Student_12276,Male,II,105.0,35.0,0.0
7528,Student_7528,Male,I,107.0,35.666666666666664,0.0
7004,Student_7004,Male,II,222.8,37.13333333333333,0.0
13356,Student_13356,Other,I,340.2,37.8,0.0
23,Student_23,Other,I,96.4,32.13333333333333,0.0
13423,Student_13423,Female,III,109.5,36.5,0.0
13162,Student_13162,Female,II,323.09999999999997,35.9,0.0
14567,Student_14567,Other,I,119.3,39.766666666666666,0.0
2160,Student_2160,Male,II,350.7,38.96666666666667,0.0
2980,Student_2980,Female,III,264.0,29.333333333333332,0.0
9236,Student_9236,Other,III,223.8,37.300000000000004,0.0
1014,Student_1014,Female,III,195.39999999999998,32.56666666666666,0.0
10823,Student_10823,Male,III,119.0,39.666666666666664,0.0
10776,Student_10776,Male,III,218.0,36.333333333333336,0.0
5998,Student_5998,Female,I,199.2,33.199999999999996,0.0
12471,Student_12471,Male,II,90.5,30.166666666666668,0.0
1020,Student_1020,Female,III,101.4,33.800000000000004,0.0
12449,Student_12449,Male,III,88.4,29.46666666666667,0.0
12486,Student_12486,Female,II,178.2,19.799999999999997,0.0
660,Student_660,Male,I,163.8,18.200000000000003,0.0
12890,Student_12890,Male,III,116.6,38.86666666666667,0.0
8692,Student_8692,Female,I,198.0,33.0,0.0
5069,Student_5069,Female,III,309.0,34.333333333333336,0.0
9818,Student_9818,Female,I,117.1,39.03333333333333,0.0
2979,Student_2979,Male,III,112.6,37.53333333333333,0.0
7532,Student_7532,Male,I,394.79999999999995,32.9,0.0
10654,Student_10654,Other,I,334.5,37.166666666666664,0.0
163,Student_163,Other,II,103.0,34.333333333333336,0.0
9033,Student_9033,Male,I,213.0,35.5,0.0
2644,Student_2644,Female,III,88.5,29.5,0.0
1172,Student_1172,Other,III,153.79999999999998,25.63333333333333,0.0
5592,Student_5592,Female,I,117.6,39.199999999999996,0.0
7876,Student_7876,Male,II,172.60000000000002,28.76666666666667,0.0
12486,Student_12486,Female,III,178.2,19.799999999999997,0.0
14192,Student_14192,Female,III,353.4,39.266666666666666,0.0
2325,Student_2325,Other,II,88.8,29.599999999999998,0.0
1578,Student_1578,Female,I,164.6,27.433333333333334,0.0
8677,Student_8677,Male,I,117.2,39.06666666666667,0.0
14890,Student_14890,Other,II,186.2,31.03333333333333,0.0
8805,Student_8805,Female,III,74.0,24.666666666666668,0.0
11206,Student_11206,Female,III,96.4,32.13333333333333,0.0
7834,Student_7834,Other,I,102.2,34.06666666666667,0.0
13538,Student_13538,Female,II,302.4,33.599999999999994,0.0
13270,Student_13270,Other,III,174.2,29.03333333333333,0.0
7097,Student_7097,Male,II,115.1,38.36666666666667,0.0
6981,Student_6981,Female,I,72.4,24.133333333333336,0.0
9123,Student_9123,Male,III,85.7,28.566666666666666,0.0
9128,Student_9128,Other,II,330.0,36.666666666666664,0.0
5926,Student_5926,Male,I,236.2,39.36666666666667,0.0
8180,Student_8180,Male,I,102.4,34.13333333333333,0.0
1788,Student_1788,Other,II,216.8,36.13333333333333,0.0
1139,Student_1139,Male,III,77.0,25.666666666666668,0.0
3675,Student_3675,Other,I,82.3,27.433333333333334,0.0
424,Student_424,Other,III,216.8,36.13333333333333,0.0
1532,Student_1532,Other,III,205.5,22.833333333333332,0.0
9336,Student_9336,Other,II,108.8,36.266666666666666,0.0
286,Student_286,Male,II,108.0,36.0,0.0
5375,Student_5375,Other,III,89.6,29.866666666666664,0.0
13636,Student_13636,Other,II,192.0,21.333333333333332,0.0
7469,Student_7469,Female,I,118.0,39.333333333333336,0.0
6318,Student_6318,Female,I,213.6,35.6,0.0
10266,Student_10266,Other,III,118.4,39.46666666666667,0.0
5526,Student_5526,Male,III,103.2,34.4,0.0
10289,Student_10289,Female,III,50.8,16.933333333333334,0.0
4988,Student_4988,Male,I,97.1,32.36666666666667,0.0
8211,Student_8211,Other,III,220.6,36.766666666666666,0.0
6049,Student_6049,Male,I,194.0,32.333333333333336,0.0
3322,Student_3322,Male,III,118.1,39.36666666666667,0.0
13147,Student_13147,Male,II,54.5,18.166666666666668,0.0
3742,Student_3742,Other,II,288.6,32.06666666666667,0.0
14821,Student_14821,Other,III,327.3,36.36666666666667,0.0
771,Student_771,Female,III,192.6,32.1,0.0
5161,Student_5161,Female,II,97.5,32.5,0.0
2071,Student_2071,Female,I,118.2,39.4,0.0
6584,Student_6584,Other,III,92.5,30.833333333333332,0.0
3268,Student_3268,Female,I,104.7,34.9,0.0
6565,Student_6565,Female,II,116.6,38.86666666666667,0.0
11412,Student_11412,Female,I,90.8,30.266666666666666,0.0
7612,Student_7612,Female,I,237.6,39.6,0.0
1443,Student_1443,Other,I,89.9,29.96666666666667,0.0
13791,Student_13791,Other,I,102.0,34.0,0.0
6981,Student_6981,Female,III,72.4,24.133333333333336,0.0
7834,Student_7834,Other,III,102.2,34.06666666666667,0.0
4459,Student_4459,Other,I,87.8,29.266666666666666,0.0
3237,Student_3237,Other,I,118.0,39.333333333333336,0.0
1933,Student_1933,Male,III,208.4,34.733333333333334,0.0
10914,Student_10914,Male,I,90.5,30.166666666666668,0.0
9496,Student_9496,Other,II,171.2,28.53333333333333,0.0
9430,Student_9430,Female,III,75.9,25.3,0.0
12022,Student_12022,Female,III,201.4,33.56666666666667,0.0
1208,Student_1208,Other,III,221.6,36.93333333333333,0.0
13894,Student_13894,Other,II,103.4,34.46666666666667,0.0
883,Student_883,Other,III,175.6,29.266666666666666,0.0
13152,Student_13152,Female,III,193.60000000000002,32.26666666666667,0.0
7270,Student_7270,Other,III,166.0,27.666666666666668,0.0
116,Student_116,Male,III,199.2,33.199999999999996,0.0
3936,Student_3936,Female,II,89.5,29.833333333333332,0.0
6981,Student_6981,Female,II,72.4,24.133333333333336,0.0
1228,Student_1228,Other,III,106.80000000000001,35.6,0.0
11752,Student_11752,Other,III,195.4,32.56666666666667,0.0
3364,Student_3364,Male,III,232.8,38.800000000000004,0.0
9765,Student_9765,Male,II,90.0,30.0,0.0
3656,Student_3656,Male,II,64.5,21.5,0.0
11949,Student_11949,Male,I,83.2,27.733333333333334,0.0
5687,Student_5687,Other,III,113.9,37.96666666666667,0.0
5576,Student_5576,Other,I,109.5,36.5,0.0
14744,Student_14744,Other,I,186.6,31.099999999999998,0.0
13334,Student_13334,Female,II,117.9,39.300000000000004,0.0
12642,Student_12642,Other,II,226.2,37.699999999999996,0.0
7017,Student_7017,Other,I,166.8,27.8,0.0
8860,Student_8860,Other,III,119.19999999999999,39.73333333333333,0.0
8663,Student_8663,Other,II,161.0,26.833333333333332,0.0
10203,Student_10203,Other,I,71.6,23.866666666666664,0.0
4969,Student_4969,Other,I,157.4,26.233333333333334,0.0
1752,Student_1752,Female,II,115.3,38.43333333333333,0.0
9132,Student_9132,Female,I,276.0,30.666666666666668,0.0
10289,Student_10289,Female,III,50.8,16.933333333333334,0.0
13356,Student_13356,Other,II,340.2,37.8,0.0
2101,Student_2101,Female,I,107.0,35.666666666666664,0.0
10198,Student_10198,Female,III,239.2,39.86666666666667,0.0
12829,Student_12829,Other,II,70.30000000000001,23.433333333333337,0.0
8932,Student_8932,Male,II,106.19999999999999,35.4,0.0
1402,Student_1402,Male,III,127.0,21.166666666666668,0.0
11868,Student_11868,Other,II,158.8,26.46666666666667,0.0
11957,Student_11957,Female,III,63.4,21.133333333333333,0.0
9890,Student_9890,Female,II,216.39999999999998,36.06666666666666,0.0
13840,Student_13840,Male,II,109.1,36.36666666666667,0.0
2208,Student_2208,Other,I,226.0,37.666666666666664,0.0
11478,Student_11478,Male,III,190.2,31.7,0.0
12904,Student_12904,Other,III,110.0,36.666666666666664,0.0
9745,Student_9745,Other,I,112.3,37.43333333333333,0.0
7469,Student_7469,Female,II,118.0,39.333333333333336,0.0
7606,Student_7606,Other,III,113.19999999999999,18.866666666666664,0.0
10662,Student_10662,Female,I,233.0,38.833333333333336,0.0
1933,Student_1933,Male,II,208.4,34.733333333333334,0.0
11487,Student_11487,Male,III,91.8,30.599999999999998,0.0
9798,Student_9798,Male,III,276.0,30.666666666666668,0.0
10083,Student_10083,Male,I,76.0,25.333333333333332,0.0
883,Student_883,Other,III,175.6,29.266666666666666,0.0
2896,Student_2896,Other,III,313.5,34.833333333333336,0.0
13918,Student_13918,Female,III,326.1,36.233333333333334,0.0
7595,Student_7595,Other,II,87.8,29.266666666666666,0.0
8278,Student_8278,Other,II,79.9,26.633333333333336,0.0
11308,Student_11308,Female,III,308.4,34.266666666666666,0.0
2469,Student_2469,Other,II,105.1,35.03333333333333,0.0
3620,Student_3620,Female,I,172.2,28.7,0.0
3675,Student_3675,Other,I,82.3,27.433333333333334,0.0
14081,Student_14081,Other,III,113.19999999999999,37.73333333333333,0.0
9409,Student_9409,Male,III,235.2,39.199999999999996,0.0
4558,Student_4558,Other,I,82.0,13.666666666666666,0.0
9066,Student_9066,Other,I,183.6,30.599999999999998,0.0
12168,Student_12168,Female,I,105.6,35.199999999999996,0.0
271,Student_271,Other,I,64.0,21.333333333333332,0.0
2469,Student_2469,Other,III,105.1,35.03333333333333,0.0
10776,Student_10776,Male,I,218.0,36.333333333333336,0.0
290,Student_290,Other,II,98.0,32.666666666666664,0.0
13927,Student_13927,Female,III,106.1,35.36666666666667,0.0
8534,Student_8534,Female,II,170.2,28.366666666666664,0.0
10745,Student_10745,Other,III,235.8,39.300000000000004,0.0
12100,Student_12100,Male,II,216.8,36.13333333333333,0.0
13423,Student_13423,Female,II,109.5,36.5,0.0
153,Student_153,Female,III,53.7,17.900000000000002,0.0
4200,Student_4200,Female,III,67.5,22.5,0.0
407,Student_407,Other,II,112.8,37.6,0.0
1856,Student_1856,Male,II,149.6,24.933333333333334,0.0
7263,Student_7263,Male,III,105.7,35.233333333333334,0.0
883,Student_883,Other,III,175.6,29.266666666666666,0.0
113,Student_113,Male,III,108.4,36.13333333333333,0.0
10117,Student_10117,Other,I,105.69999999999999,35.23333333333333,0.0
6044,Student_6044,Other,II,110.0,36.666666666666664,0.0
2439,Student_2439,Other,I,54.8,18.266666666666666,0.0
9742,Student_9742,Other,III,211.8,35.300000000000004,0.0
13724,Student_13724,Male,III,181.2,30.2,0.0
6310,Student_6310,Female,III,61.2,20.400000000000002,0.0
11108,Student_11108,Female,II,189.8,31.633333333333336,0.0
13319,Student_13319,Other,III,93.5,31.166666666666668,0.0
7968,Student_7968,Other,III,294.3,32.7,0.0
14598,Student_14598,Other,I,224.8,37.46666666666667,0.0
12932,Student_12932,Other,III,332.4,36.93333333333333,0.0
5695,Student_5695,Male,II,115.1,38.36666666666667,0.0
5486,Student_5486,Male,II,114.5,38.166666666666664,0.0
3902,Student_3902,Other,III,81.9,27.3,0.0
12678,Student_12678,Female,I,331.5,36.833333333333336,0.0
1874,Student_1874,Female,III,224.1,24.9,0.0
2818,Student_2818,Female,III,70.4,11.733333333333334,0.0
4459,Student_4459,Other,III,87.8,29.266666666666666,0.0
8934,Student_8934,Other,III,112.80000000000001,37.6,0.0
14428,Student_14428,Male,II,92.8,30.933333333333334,0.0
7830,Student_7830,Other,III,100.8,33.6,0.0
645,Student_645,Other,III,67.3,22.433333333333334,0.0
2033,Student_2033,Female,I,95.0,31.666666666666668,0.0
242,Student_242,Male,I,162.39999999999998,27.066666666666663,0.0
14791,Student_14791,Female,II,103.39999999999999,34.46666666666666,0.0
13441,Student_13441,Female,III,201.3,22.366666666666667,0.0
6816,Student_6816,Male,III,118.1,39.36666666666667,0.0
11822,Student_11822,Other,I,191.4,31.900000000000002,0.0
8677,Student_8677,Male,II,117.2,39.06666666666667,0.0
14956,Student_14956,Female,I,160.4,26.733333333333334,0.0
13918,Student_13918,Female,III,326.1,36.233333333333334,0.0
13046,Student_13046,Other,II,127.6,21.266666666666666,0.0
3006,Student_3006,Female,III,196.4,32.733333333333334,0.0
14248,Student_14248,Other,II,99.7,33.233333333333334,0.0
5619,Student_5619,Male,III,343.8,38.2,0.0
10656,Student_10656,Male,III,217.2,36.199999999999996,0.0
6802,Student_6802,Male,II,306.9,34.099999999999994,0.0
10675,Student_10675,Female,III,90.7,30.233333333333334,0.0
8386,Student_8386,Male,III,222.39999999999998,37.06666666666666,0.0
5992,Student_5992,Other,II,215.4,35.9,0.0
12932,Student_12932,Other,III,332.4,36.93333333333333,0.0
2891,Student_2891,Female,I,79.5,26.5,0.0
13007,Student_13007,Other,II,66.6,22.2,0.0
14821,Student_14821,Other,II,327.3,36.36666666666667,0.0
5331,Student_5331,Other,III,211.8,35.300000000000004,0.0
2943,Student_2943,Other,II,97.5,32.5,0.0
1926,Student_1926,Female,I,363.6,30.3,0.0
10626,Student_10626,Male,I,197.6,32.93333333333333,0.0
12683,Student_12683,Other,I,106.60000000000001,35.53333333333334,0.0
3802,Student_3802,Female,II,142.4,23.733333333333334,0.0
14398,Student_14398,Female,I,180.4,30.066666666666666,0.0
10745,Student_10745,Other,III,235.8,39.300000000000004,0.0
13441,Student_13441,Female,I,201.3,22.366666666666667,0.0
4252,Student_4252,Other,III,135.0,22.5,0.0
2876,Student_2876,Male,I,173.0,28.833333333333332,0.0
2379,Student_2379,Male,III,91.2,30.400000000000002,0.0
1206,Student_1206,Other,I,237.8,39.63333333333333,0.0
14363,Student_14363,Male,III,138.4,23.066666666666666,0.0
6397,Student_6397,Female,I,309.6,34.400000000000006,0.0
14193,Student_14193,Female,III,81.3,27.099999999999998,0.0
3840,Student_3840,Other,III,218.8,36.46666666666667,0.0
13520,Student_13520,Other,II,62.4,20.8,0.0
10777,Student_10777,Other,I,38.7,12.9,0.0
8211,Student_8211,Other,III,220.6,36.766666666666666,0.0
3540,Student_3540,Other,I,83.2,13.866666666666667,0.0
2962,Student_2962,Female,III,228.8,38.13333333333333,0.0
9132,Student_9132,Female,III,276.0,30.666666666666668,0.0
13289,Student_13289,Female,III,72.3,24.099999999999998,0.0
6337,Student_6337,Male,II,114.6,38.199999999999996,0.0
12018,Student_12018,Male,I,98.3,32.766666666666666,0.0
8282,Student_8282,Other,III,156.4,26.066666666666666,0.0
7606,Student_7606,Other,I,113.19999999999999,18.866666666666664,0.0
14996,Student_14996,Male,II,202.0,33.666666666666664,0.0
9147,Student_9147,Other,I,171.3,19.033333333333335,0.0
192,Student_192,Other,I,114.19999999999999,19.03333333333333,0.0
9096,Student_9096,Female,II,311.09999999999997,34.56666666666666,0.0
11487,Student_11487,Male,III,91.8,30.599999999999998,0.0
11906,Student_11906,Female,I,117.19999999999999,39.06666666666666,0.0
6060,Student_6060,Female,III,363.6,30.3,0.0
5463,Student_5463,Other,I,119.1,39.699999999999996,0.0
10346,Student_10346,Male,I,164.2,27.366666666666664,0.0
6325,Student_6325,Female,II,107.30000000000001,35.76666666666667,0.0
11635,Student_11635,Other,I,79.5,26.5,0.0
9487,Student_9487,Other,I,89.7,29.900000000000002,0.0
14996,Student_14996,Male,II,202.0,33.666666666666664,0.0
1933,Student_1933,Male,III,208.4,34.733333333333334,0.0
2033,Student_2033,Female,III,95.0,31.666666666666668,0.0
14822,Student_14822,Male,III,165.4,27.566666666666666,0.0
14944,Student_14944,Other,III,79.5,39.75,0.0
5375,Student_5375,Other,II,89.6,29.866666666666664,0.0
4821,Student_4821,Female,II,61.599999999999994,20.53333333333333,0.0
2980,Student_2980,Female,III,264.0,29.333333333333332,0.0
9992,Student_9992,Other,I,103.7,34.56666666666667,0.0
11176,Student_11176,Male,III,230.8,38.46666666666667,0.0
13513,Student_13513,Other,I,116.1,38.699999999999996,0.0
12853,Student_12853,Other,II,111.7,37.233333333333334,0.0
14004,Student_14004,Other,II,115.0,38.333333333333336,0.0
10656,Student_10656,Male,III,217.2,36.199999999999996,0.0
192,Student_192,Other,II,114.19999999999999,19.03333333333333,0.0
9279,Student_9279,Other,I,59.2,19.733333333333334,0.0
1875,Student_1875,Female,III,103.4,34.46666666666667,0.0
12262,Student_12262,Male,II,228.39999999999998,38.06666666666666,0.0
3360,Student_3360,Male,III,237.6,39.6,0.0
14331,Student_14331,Female,II,73.0,24.333333333333332,0.0
6654,Student_6654,Other,II,208.0,34.666666666666664,0.0
9498,Student_9498,Female,III,191.2,31.866666666666664,0.0
271,Student_271,Other,I,64.0,21.333333333333332,0.0
11957,Student_11957,Female,II,63.4,21.133333333333333,0.0
7300,Student_7300,Other,I,225.3,25.033333333333335,0.0
6512,Student_6512,Female,II,343.5,38.166666666666664,0.0
9462,Student_9462,Female,I,195.20000000000002,32.53333333333334,0.0
9794,Student_9794,Male,III,238.4,39.733333333333334,0.0
5044,Student_5044,Male,III,57.8,19.266666666666666,0.0
2673,Student_2673,Female,II,76.6,25.53333333333333,0.0
7280,Student_7280,Male,I,107.7,35.9,0.0
7532,Student_7532,Male,II,394.79999999999995,32.9,0.0
8663,Student_8663,Other,I,161.0,26.833333333333332,0.0
12949,Student_12949,Other,II,73.9,24.633333333333336,0.0
4299,Student_4299,Male,III,84.3,28.099999999999998,0.0
9829,Student_9829,Male,II,108.69999999999999,36.23333333333333,0.0
5455,Student_5455,Female,II,119.3,39.766666666666666,0.0
13520,Student_13520,Other,II,62.4,20.8,0.0
13270,Student_13270,Other,II,174.2,29.03333333333333,0.0
7985,Student_7985,Other,I,177.2,29.53333333333333,0.0
407,Student_407,Other,II,112.8,37.6,0.0
986,Student_986,Male,II,74.0,24.666666666666668,0.0
8096,Student_8096,Female,II,115.4,38.46666666666667,0.0
6266,Student_6266,Other,III,183.4,30.566666666666666,0.0
8379,Student_8379,Female,II,39.4,13.133333333333333,0.0
13700,Student_13700,Other,I,81.2,27.066666666666666,0.0
7550,Student_7550,Male,III,99.5,33.166666666666664,0.0
13700,Student_13700,Other,III,81.2,27.066666666666666,0.0
10656,Student_10656,Male,III,217.2,36.199999999999996,0.0
1217,Student_1217,Male,II,106.30000000000001,35.43333333333334,0.0
14192,Student_14192,Female,II,353.4,39.266666666666666,0.0
9033,Student_9033,Male,II,213.0,35.5,0.0
12318,Student_12318,Female,III,212.2,35.36666666666667,0.0
8379,Student_8379,Female,III,39.4,13.133333333333333,0.0
14598,Student_14598,Other,III,224.8,37.46666666666667,0.0
10077,Student_10077,Male,III,107.6,35.86666666666667,0.0
9118,Student_9118,Female,II,199.39999999999998,33.23333333333333,0.0
8477,Student_8477,Other,III,85.0,28.333333333333332,0.0
14918,Student_14918,Other,II,228.39999999999998,38.06666666666666,0.0
1874,Student_1874,Female,II,224.1,24.9,0.0
9823,Student_9823,Male,II,68.30000000000001,22.76666666666667,0.0
4283,Student_4283,Male,III,236.6,39.43333333333333,0.0
3179,Student_3179,Other,II,83.9,27.96666666666667,0.0
10244,Student_10244,Other,I,87.3,29.099999999999998,0.0
12143,Student_12143,Male,I,109.6,36.53333333333333,0.0
11985,Student_11985,Female,II,109.0,36.333333333333336,0.0
7136,Student_7136,Female,III,232.2,38.699999999999996,0.0
6762,Student_6762,Male,II,68.3,22.766666666666666,0.0
6855,Student_6855,Female,III,96.0,32.0,0.0
195,Student_195,Female,II,98.4,32.800000000000004,0.0
2230,Student_2230,Male,II,115.4,38.46666666666667,0.0
7985,Student_7985,Other,I,177.2,29.53333333333333,0.0
4564,Student_4564,Female,I,96.1,32.03333333333333,0.0
5594,Student_5594,Other,II,238.6,39.766666666666666,0.0
10745,Student_10745,Other,III,235.8,39.300000000000004,0.0
3810,Student_3810,Other,I,68.3,22.766666666666666,0.0
4536,Student_4536,Female,I,147.6,24.599999999999998,0.0
12436,Student_12436,Male,III,150.2,25.03333333333333,0.0
8045,Student_8045,Other,III,213.0,35.5,0.0
11406,Student_11406,Female,II,110.19999999999999,18.366666666666664,0.0
6999,Student_6999,Male,III,190.79999999999998,31.799999999999997,0.0
14253,Student_14253,Female,III,108.9,36.300000000000004,0.0
4079,Student_4079,Male,II,88.5,29.5,0.0
1368,Student_1368,Male,I,183.2,30.53333333333333,0.0
7532,Student_7532,Male,III,394.79999999999995,32.9,0.0
7270,Student_7270,Other,II,166.0,27.666666666666668,0.0
4307,Student_4307,Female,III,118.9,39.63333333333333,0.0
11046,Student_11046,Female,I,83.9,27.96666666666667,0.0
13544,Student_13544,Other,II,173.0,28.833333333333332,0.0
376,Student_376,Other,II,209.20000000000002,34.86666666666667,0.0
7834,Student_7834,Other,III,102.2,34.06666666666667,0.0
14343,Student_14343,Female,II,99.5,33.166666666666664,0.0
7708,Student_7708,Male,I,90.0,30.0,0.0
8505,Student_8505,Other,I,104.5,34.833333333333336,0.0
2382,Student_2382,Female,II,115.9,38.63333333333333,0.0
6720,Student_6720,Female,III,188.2,31.366666666666664,0.0
8698,Student_8698,Male,II,233.6,38.93333333333333,0.0
12938,Student_12938,Male,III,219.6,36.6,0.0
10311,Student_10311,Male,I,116.7,38.9,0.0
2340,Student_2340,Other,I,52.8,17.599999999999998,0.0
8948,Student_8948,Male,III,99.80000000000001,33.26666666666667,0.0
508,Student_508,Other,II,119.5,39.833333333333336,0.0
6397,Student_6397,Female,I,309.6,34.400000000000006,0.0
8211,Student_8211,Other,III,220.6,36.766666666666666,0.0
7934,Student_7934,Female,I,224.4,37.4,0.0
9036,Student_9036,Other,I,73.1,24.366666666666664,0.0
8466,Student_8466,Other,II,355.6,29.633333333333336,0.0
11349,Student_11349,Female,II,86.1,28.7,0.0
5674,Student_5674,Female,II,217.2,36.199999999999996,0.0
9096,Student_9096,Female,I,311.09999999999997,34.56666666666666,0.0
8532,Student_8532,Male,II,188.60000000000002,31.433333333333337,0.0
557,Student_557,Female,II,42.6,7.1000000000000005,0.0
10249,Student_10249,Male,III,65.9,21.96666666666667,0.0
1017,Student_1017,Female,I,111.9,37.300000000000004,0.0
14309,Student_14309,Other,II,108.0,36.0,0.0
9096,Student_9096,Female,II,311.09999999999997,34.56666666666666,0.0
12436,Student_12436,Male,II,150.2,25.03333333333333,0.0
5429,Student_5429,Male,III,58.2,19.400000000000002,0.0
11822,Student_11822,Other,II,191.4,31.900000000000002,0.0
3535,Student_3535,Other,III,117.5,39.166666666666664,0.0
3160,Student_3160,Female,I,354.29999999999995,39.36666666666666,0.0
13744,Student_13744,Female,II,98.30000000000001,32.76666666666667,0.0
2160,Student_2160,Male,II,350.7,38.96666666666667,0.0
12022,Student_12022,Female,II,201.4,33.56666666666667,0.0
7165,Student_7165,Other,I,81.7,27.233333333333334,0.0
5619,Student_5619,Male,II,343.8,38.2,0.0
7238,Student_7238,Female,III,194.2,32.36666666666667,0.0
7017,Student_7017,Other,II,166.8,27.8,0.0
8466,Student_8466,Other,III,355.6,29.633333333333336,0.0
5052,Student_5052,Male,I,140.8,23.46666666666667,0.0
4617,Student_4617,Male,II,74.3,24.766666666666666,0.0
12280,Student_12280,Male,II,168.8,28.133333333333336,0.0
9831,Student_9831,Other,I,118.4,39.46666666666667,0.0
179,Student_179,Male,II,100.1,33.36666666666667,0.0
7602,Student_7602,Female,II,91.5,30.5,0.0
12497,Student_12497,Other,II,91.2,30.400000000000002,0.0
894,Student_894,Other,III,186.0,31.0,0.0
4240,Student_4240,Other,III,117.5,39.166666666666664,0.0
3656,Student_3656,Male,I,64.5,21.5,0.0
1578,Student_1578,Female,II,164.6,27.433333333333334,0.0
9400,Student_9400,Other,II,188.60000000000002,31.433333333333337,0.0
5455,Student_5455,Female,II,119.3,39.766666666666666,0.0
9798,Student_9798,Male,I,276.0,30.666666666666668,0.0
5069,Student_5069,Female,II,309.0,34.333333333333336,0.0
11005,Student_11005,Other,I,86.9,28.96666666666667,0.0
2645,Student_2645,Other,I,91.9,30.633333333333336,0.0
10491,Student_10491,Other,III,98.6,32.86666666666667,0.0
7300,Student_7300,Other,I,225.3,25.033333333333335,0.0
11524,Student_11524,Male,II,67.8,22.599999999999998,0.0
10346,Student_10346,Male,II,164.2,27.366666666666664,0.0
9272,Student_9272,Female,III,93.1,31.03333333333333,0.0
6802,Student_6802,Male,III,306.9,34.099999999999994,0.0
7943,Student_7943,Other,II,54.5,18.166666666666668,0.0
14918,Student_14918,Other,I,228.39999999999998,38.06666666666666,0.0
5188,Student_5188,Female,II,232.8,38.800000000000004,0.0
12198,Student_12198,Female,II,207.4,34.56666666666667,0.0
12231,Student_12231,Male,III,103.4,34.46666666666667,0.0
12862,Student_12862,Other,I,85.8,28.599999999999998,0.0
2160,Student_2160,Male,I,350.7,38.96666666666667,0.0
8314,Student_8314,Female,I,113.6,37.86666666666667,0.0
1911,Student_1911,Female,III,100.0,33.333333333333336,0.0
11378,Student_11378,Male,III,139.4,23.233333333333334,0.0
179,Student_179,Male,II,100.1,33.36666666666667,0.0
2896,Student_2896,Other,III,313.5,34.833333333333336,0.0
3463,Student_3463,Female,III,91.2,30.400000000000002,0.0
10674,Student_10674,Other,II,195.0,32.5,0.0
14821,Student_14821,Other,II,327.3,36.36666666666667,0.0
6944,Student_6944,Other,III,111.6,37.199999999999996,0.0
12679,Student_12679,Male,II,109.19999999999999,36.4,0.0
1358,Student_1358,Female,I,89.1,29.7,0.0
10834,Student_10834,Female,I,102.80000000000001,34.26666666666667,0.0
4079,Student_4079,Male,III,88.5,29.5,0.0
14131,Student_14131,Male,II,73.1,24.366666666666664,0.0
12862,Student_12862,Other,III,85.8,28.599999999999998,0.0
10777,Student_10777,Other,I,38.7,12.9,0.0
8045,Student_8045,Other,II,213.0,35.5,0.0
2322,Student_2322,Male,I,223.2,37.199999999999996,0.0
557,Student_557,Female,III,42.6,7.1000000000000005,0.0
5524,Student_5524,Other,II,228.0,38.0,0.0
11469,Student_11469,Male,II,110.5,36.833333333333336,0.0
14260,Student_14260,Female,I,169.39999999999998,28.23333333333333,0.0
9262,Student_9262,Female,II,197.0,32.833333333333336,0.0
6705,Student_6705,Male,II,62.1,20.7,0.0
7434,Student_7434,Other,III,177.0,29.5,0.0
5695,Student_5695,Male,I,115.1,38.36666666666667,0.0
398,Student_398,Male,III,85.9,28.633333333333336,0.0
6049,Student_6049,Male,I,194.0,32.333333333333336,0.0
14932,Student_14932,Other,III,184.6,30.766666666666666,0.0
14429,Student_14429,Male,III,74.0,24.666666666666668,0.0
11790,Student_11790,Male,III,237.4,39.56666666666667,0.0
11018,Student_11018,Other,III,172.2,28.7,0.0
12922,Student_12922,Other,III,236.60000000000002,39.43333333333334,0.0
883,Student_883,Other,III,175.6,29.266666666666666,0.0
5205,Student_5205,Female,III,117.0,39.0,0.0
9066,Student_9066,Other,I,183.6,30.599999999999998,0.0
9046,Student_9046,Male,III,208.4,34.733333333333334,0.0
6999,Student_6999,Male,II,190.79999999999998,31.799999999999997,0.0
13441,Student_13441,Female,I,201.3,22.366666666666667,0.0
12374,Student_12374,Female,II,103.1,34.36666666666667,0.0
756,Student_756,Other,III,170.4,28.400000000000002,0.0
10188,Student_10188,Female,II,192.2,32.03333333333333,0.0
5706,Student_5706,Female,III,182.2,30.366666666666664,0.0
1017,Student_1017,Female,II,111.9,37.300000000000004,0.0
13544,Student_13544,Other,III,173.0,28.833333333333332,0.0
12818,Student_12818,Female,I,110.1,36.699999999999996,0.0
7165,Student_7165,Other,III,81.7,27.233333333333334,0.0
7934,Student_7934,Female,I,224.4,37.4,0.0
309,Student_309,Female,III,85.9,28.633333333333336,0.0
5,Student_5,Female,III,71.6,23.866666666666664,0.0
1132,Student_1132,Male,III,188.4,31.400000000000002,0.0
14821,Student_14821,Other,I,327.3,36.36666666666667,0.0
3160,Student_3160,Female,III,354.29999999999995,39.36666666666666,0.0
13516,Student_13516,Female,I,184.20000000000002,30.700000000000003,0.0
5637,Student_5637,Female,III,66.30000000000001,22.100000000000005,0.0
2893,Student_2893,Other,II,73.1,24.366666666666664,0.0
2509,Student_2509,Male,II,110.4,36.800000000000004,0.0
6480,Student_6480,Female,II,106.3,35.43333333333333,0.0
13162,Student_13162,Female,I,323.09999999999997,35.9,0.0
8076,Student_8076,Male,III,95.4,31.8,0.0
7689,Student_7689,Male,I,49.3,16.433333333333334,0.0
2447,Student_2447,Male,I,90.30000000000001,30.100000000000005,0.0
8413,Student_8413,Male,III,116.6,38.86666666666667,0.0
10244,Student_10244,Other,I,87.3,29.099999999999998,0.0
3682,Student_3682,Male,III,77.4,25.8,0.0
7423,Student_7423,Other,II,96.7,32.233333333333334,0.0
8099,Student_8099,Male,II,106.4,35.46666666666667,0.0
1174,Student_1174,Other,II,110.2,36.733333333333334,0.0
6618,Student_6618,Male,I,86.3,28.766666666666666,0.0
8211,Student_8211,Other,I,220.6,36.766666666666666,0.0
14018,Student_14018,Female,I,153.4,25.566666666666666,0.0
9409,Student_9409,Male,III,235.2,39.199999999999996,0.0
6748,Student_6748,Male,I,105.6,35.199999999999996,0.0
7893,Student_7893,Female,I,107.5,35.833333333333336,0.0
10041,Student_10041,Other,I,187.60000000000002,31.26666666666667,0.0
9409,Student_9409,Male,III,235.2,39.199999999999996,0.0
12862,Student_12862,Other,III,85.8,28.599999999999998,0.0
9745,Student_9745,Other,III,112.3,37.43333333333333,0.0
8950,Student_8950,Male,I,235.6,39.266666666666666,0.0
7716,Student_7716,Other,III,119.2,39.733333333333334,0.0
6568,Student_6568,Male,I,233.2,38.86666666666667,0.0
6118,Student_6118,Other,I,68.8,22.933333333333334,0.0
419,Student_419,Female,III,119.80000000000001,39.93333333333334,0.0
1851,Student_1851,Male,II,75.3,25.099999999999998,0.0
5282,Student_5282,Male,III,56.5,18.833333333333332,0.0
13350,Student_13350,Male,III,233.8,38.96666666666667,0.0
2437,Student_2437,Male,III,79.9,26.633333333333336,0.0
5518,Student_5518,Female,I,50.5,16.833333333333332,0.0
9220,Student_9220,Male,I,228.2,38.03333333333333,0.0
3540,Student_3540,Other,III,83.2,13.866666666666667,0.0
9574,Student_9574,Female,III,155.4,31.080000000000002,0.0
4422,Student_4422,Other,II,213.8,35.63333333333333,0.0
7858,Student_7858,Male,III,54.5,18.166666666666668,0.0
11621,Student_11621,Other,I,98.1,32.699999999999996,0.0
